excel_row,excel_index,excel_name,normalized_name,credit_rating,occupation_formula,occupation_skills,contacts_present,description_source_hint,classification,official_family_key,matched_source_entries,mechanics_match,setting_or_source_hint,duplicate_group,recommended_action,confidence,notes
3,1,自定义职业,自定义职业,,#NAME?,不多于8个本职技能。在右侧职业属性中输入第二职业属性的数值（留空则视为EDU）并自行设置起始信誉。使用自定义职业前，请先咨询你的守秘人。,yes,"不多于7个本职技能。
在职业属性中输入第二职业属性的名字（如外貌、意志、教育、敏捷、力量、体质、体型，留空则视为EDU）并自行设置起始信誉。使用自定义职业前，请先咨询你的KP",custom-template,,,not-applicable,Excel custom occupation template,,keep-as-custom-template,high,Index 0 is a control row and is intentionally excluded; this is the workbook's single custom template.
4,2,会计师,会计师,30-70,教育×4,会计，法律，图书馆，聆听，说服，侦查，任意其他两项个人或时代特长。,yes,"会计师可能在企业工作或作为自由会计师，为个体经营者和企业客户担任顾问。
他们是优秀的研究者，既勤奋又关注细节，能够通过仔细分析个人和企业事务历史记录、财务报表和其他记录支持其他调查员。",confirmed-standard,accountant,handbook-70-accountant,yes,Investigator Handbook,,map-to-canonical-family,high,
5,3,杂技演员,杂技演员,9-20,教育×2＋敏捷×2,攀爬，闪避，跳跃，投掷，侦查，游泳，任意两项其他个人或时代特长。,yes,杂技演员可能是参加各级比赛(甚至奥运会)的业余运动员，也可能是专业的演员，在马戏团、嘉年华、歌舞团之类的地方作为娱乐业从业者工作。,confirmed-standard,acrobat,handbook-70-acrobat,yes,Investigator Handbook,,map-to-canonical-family,high,
6,4,演员-戏剧演员,戏剧演员,9-40,教育×2＋外貌×2,技艺（表演），乔装，格斗，历史，两项社交技能（取悦、话术、恐吓、说服），心理学，任意一项其他个人或时代特长。,yes,"一般指舞台剧演员和电影演员。许多演员有相当深厚的文化素养，认为自己才是“正统”的，倾向于轻视电影业的商业活动。直到20 世纪后期电影业的地位提高，电影演员的薪酬增加，这种情况才发生改变。
电影业和电影明星一直是世界人民关注的焦点。许多明星一夜成名，在媒体的聚光灯下过着光鲜亮丽的生活。
在1920 年代，虽然全国都有大型剧院，美国的戏剧中心仍然是纽约城。英国的情况与之相近，戏剧的中心在伦敦，其他的剧团则在各郡作巡回演出。巡回剧团乘火车旅行，演出内容既包括新编剧目，也包括莎士比亚和其他人的传统剧目。有些剧团也会花时间去国外采风，通常是去加拿大、夏威夷、澳大利亚和欧洲大陆。
20 年代后期出现了有声电影，不少默片时代的明星难以适应有声电影的冲击，挥舞手臂的夸张扮演从此让位给了细致入微的角色特写。这段时间前期的明星包括约翰·加菲尔德和弗兰西斯·布什曼，后期则是贾莱·库珀和琼·克劳馥。",confirmed-standard-variant,actor,handbook-71-stage-actor,yes,Investigator Handbook,,map-to-source-variant,high,
7,5,演员-电影演员,电影演员,20-90,教育×2＋外貌×2,技艺（表演），乔装，汽车驾驶，两项社交技能（取悦、话术、恐吓、说服），心理学，任意两项其他个人或时代特长（如骑乘或格斗）。,yes,"一般指舞台剧演员和电影演员。许多演员有相当深厚的文化素养，认为自己才是“正统”的，倾向于轻视电影业的商业活动。直到20 世纪后期电影业的地位提高，电影演员的薪酬增加，这种情况才发生改变。
电影业和电影明星一直是世界人民关注的焦点。许多明星一夜成名，在媒体的聚光灯下过着光鲜亮丽的生活。
在1920 年代，虽然全国都有大型剧院，美国的戏剧中心仍然是纽约城。英国的情况与之相近，戏剧的中心在伦敦，其他的剧团则在各郡作巡回演出。巡回剧团乘火车旅行，演出内容既包括新编剧目，也包括莎士比亚和其他人的传统剧目。有些剧团也会花时间去国外采风，通常是去加拿大、夏威夷、澳大利亚和欧洲大陆。
20 年代后期出现了有声电影，不少默片时代的明星难以适应有声电影的冲击，挥舞手臂的夸张扮演从此让位给了细致入微的角色特写。这段时间前期的明星包括约翰·加菲尔德和弗兰西斯·布什曼，后期则是贾莱·库珀和琼·克劳馥。",confirmed-standard-variant,actor,handbook-71-film-star,yes,Investigator Handbook,,map-to-source-variant,high,
8,6,事务所侦探、保安,事务所侦探,20-45,教育×2＋力量或敏捷×2,一项社交技能（取悦、话术、恐吓、说服），格斗（斗殴），射击，法律，图书馆，心理学，潜行，追踪。,yes,"世界上有许多著名的侦探机构，其中最著名的是平克顿和伯恩斯调查局(后来合并成一家公司)。这样的公司一般有两类工作人员：安保人员和调查人员。
企业或个人雇用安保人员来保护自己的资产和人员免受盗贼、刺客和绑匪的威胁。这些安保人员角色使用巡警的职业模板。调查人员则是便衣侦探，负责为公司客户解决各种异常事件、阻止谋杀事件、寻找失踪的人员等等。",confirmed-standard,agency-detective,handbook-71-agency-detective,yes,Investigator Handbook,,map-to-canonical-family,high,
9,7,精神病医生（古典）,精神病医生（古典）,10-60,教育×4,法律，聆听，医学，外语，精神分析，心理学，科学（生物学，化学）。,yes,在1920 年代，“精神病医生”这个词专用来称呼治疗精神失常的医生(也就是早期的精神科医生)。精神分析在当时的美国鲜为人知，而且它的基本内容都是性生活和如厕训练之类令大众不齿的东西。精神病学，一种正规的从行为主义发展来的医学理论则要普及得多。精神病医生、精神科医生和神经科医生还经常爆发激烈的论战。,confirmed-standard,alienist,handbook-71-alienist,yes,Investigator Handbook,,map-to-canonical-family,high,
10,8,动物训练师,动物训练师,10-40,教育×2＋外貌或意志×2,跳跃，聆听，自然，心理学，科学（动物学），潜行，追踪，任意一项其他个人或时代特长。,yes,动物训练师可能在电影工作室、巡回马戏团、马厩工作或自由工作。不管是训练导盲犬、狮子钻火圈，他们工作时基本要独自一人长时间近距离地照看这些动物。动物训练师可以像对人一样对动物使用「心理学」技能。,confirmed-standard,animal-trainer,handbook-71-animal-trainer,no,Investigator Handbook,,map-to-canonical-family,high,Excel replaces official Animal Handling with Psychology.
11,9,文物学家（原作向）,文物学家（原作向）,30-70,教育×4,估价，技艺（任一），历史，图书馆，外语，一项社交技能（取悦、话术、恐吓、说服），侦查，任意一项其他个人或时代特长。,yes,文物学家也许是调查员可以从事的最具有洛夫克拉夫特风格的职业：那些历久弥新的的卓越作品、湮没在古代传说中的神奇力量，总能使他们乐在其中。独立的收入使文物学家能够研究古旧晦涩的文物，或者根据自己的兴趣爱好集中探寻特别的种类。他们通常有着欣赏的眼光、敏锐的头脑，和讽刺无知、自大、贪婪者的愚蠢时尖酸刻薄的幽默。,confirmed-standard,antiquarian,handbook-71-antiquarian,yes,Investigator Handbook,,map-to-canonical-family,high,
12,10,古董商,古董商,30-50,教育×4,会计，估价，汽车驾驶，两项社交技能（取悦、话术、恐吓、说服），历史，图书馆，导航。,yes,古董商通常自己开店，从自己所在的地方转卖物品，或继续扩展业务范围，通过倒卖物品到城市商店赚取利润。,confirmed-standard,antique-dealer,handbook-71-antique-dealer,yes,Investigator Handbook,,map-to-canonical-family,high,
13,11,考古学家（原作向）,考古学家（原作向）,10-40,教育×4,估价，考古，历史，外语，图书馆，侦查，机械维修，导航或科学（任一：如化学、物理、地理等）。,yes,"考古学家研究探索历史的痕迹。主要来说，是对人类历史相关的物质数据进行各种鉴识、检查、分析。这项工作包含辛苦细致的研究，更不必提情愿亲自下斗铲土的决心。
在1920 年代，成功的考古学家会被当成著名冒险家与探险家，名利双收。有人运用科学方法考古，不过更多的人对付老祖宗的秘密时喜好暴力破解的办法，甚至祭出炸药，这种碉堡了的办法现代人可是很难看得惯的。",confirmed-standard,archaeologist,handbook-72-archaeologist,yes,Investigator Handbook,,map-to-canonical-family,high,
14,12,建筑师,建筑师,30-70,教育×4,会计，技艺（技术制图），法律，母语，计算机或图书馆，说服，心理学，科学（数学）。,yes,"建筑师掌握设计和营造建筑的知识，不论是个人房屋的改造还是造价数百万美元的地标工程。建筑师与项目经理紧密合作，负责监督施工全程。建筑师必须了解当地的规划法律，健康和安全法规，和基础的公众安全原则。他们既可以在大公司工作，也可以自由工作，这在很大程度上取决于信誉。
在1920 年代，许多人尝试在自家或小办公室单干。不过他们苦心创造的宏伟设计很少能卖得出去。
建筑师也可能专擅某一学科，比如军事建筑或景观工程等。",confirmed-standard,architect,handbook-72-architect,yes,Investigator Handbook,,map-to-canonical-family,high,
15,13,艺术家,艺术家,9-50,教育×2＋敏捷或意志×2,技艺（任一），历史或自然，一项社交技能（取悦、话术、恐吓、说服），外语，心理学，侦查，任意两项其他个人或时代特长。,yes,艺术家在这里可以是画家，雕塑家等等。他们有时沈浸于自己虚幻的想象当中，有时又沐浴在激发热情和理解的灵感之下。不论是否天资优秀，艺术家的内心必须足够强大，这样才能战胜生涯起步时的障碍和挑剔的眼光，并且在自己小有名气以后继续努力。有些艺术家对物质生活是否丰富并不在乎，而有些则有着强烈的创业倾向。,confirmed-standard,artist,handbook-72-artist,yes,Investigator Handbook,same-name:艺术家,map-to-canonical-family,high,
16,14,精神病院看护,精神病院看护,8-20,教育×2＋力量或敏捷×2,闪避，格斗（斗殴），急救，两项社交技能（取悦、话术、恐吓、说服），聆听，心理学，潜行。,yes,尽管少数富有的人会选择私人疗养院，大多精神病患者最终会被安置到州县设置的定点医院。这些地方除了医生护士以外，还会有一支看护队伍。选聘看护的时候，力量和体格往往比医学知识更被看重。,confirmed-standard,asylum-attendant,handbook-72-asylum-attendant,yes,Investigator Handbook,,map-to-canonical-family,high,
17,15,运动员,运动员,9-70,教育×2＋力量或敏捷×2,攀爬，跳跃，格斗（斗殴），骑乘，一项社交技能（取悦、话术、恐吓、说服），游泳，投掷，任意一项其他个人或时代特长。,yes,"运动员可能效力于职业的棒球、足球、板球或者篮球队伍。这支队伍也许是大联盟队伍，有着稳定工资，参加的比赛万人瞩目；或者是众多小联盟队伍之一，尤其是在1920 年代的棒球界。这些队伍往往寄于大联盟队伍篱下，各方面都受其管理，工资更是刚够运动员糊口又不至于让他们跳槽的水平。
成功的运动员在自己的专业领域会拥有相当的声誉——现今尤其如此，在世界各地都能看到体育明星和电影明星并肩站在红地毯上的场景。",confirmed-standard,athlete,handbook-72-athlete,yes,Investigator Handbook,,map-to-canonical-family,high,
18,16,作家（原作向）,作家（原作向）,9-30,教育×4,技艺（文学），历史，图书馆，自然或神秘学，外语，母语，心理学，任意一项其他个人或时代特长。,yes,"作家不同于记者，他们用文字定义和探讨人们的社会生活，尤其是人们的情感变化。他们的劳动通常孤立而又自我中心：虽然以前写作是个能稳拿工资的行当，但如今只靠写作发大财的人屈指可数。
作家的工作习惯相差极大。通常作家们会花费数月乃至数年的时间调查取材，为新书的创作做准备；然后闭门谢客，投入紧张的创作。",confirmed-standard,author,handbook-72-73-author,yes,Investigator Handbook,,map-to-canonical-family,high,
19,17,酒保,酒保,8-25,教育×2＋外貌×2,会计，两项社交技能（取悦、话术、恐吓、说服），格斗（斗殴），聆听，心理学，侦查，任意一项其他个人或时代特长。,yes,"酒保虽然不一定是酒吧的掌柜，却一定是所有客人的朋友。对客人们的好声气，一部分来说是出于他们的职业或者业务，而更多的来说则是达到目的的一种手段。
1920 年代，由于禁酒令的存在，酒保变成了非法的职业；但是遍地开花的黑酒吧又不能没有酒保，结果就是酒保仍然不愁找不到活干。",confirmed-standard,bartender,handbook-73-bartender,yes,Investigator Handbook,,map-to-canonical-family,high,
20,18,猎人,猎人,20-50,教育×2＋力量或敏捷×2,射击，聆听或侦查，自然，导航，外语或生存（任一），科学（生物学或植物学），潜行，追踪。,yes,"猎人是优秀的追踪者和狩猎者，通常靠为富裕的客户捕猎为生。绝大多数猎人会对地球上某一个部分的情况烂熟于心，比如加拿大森林、非洲草原等等。有些人可能从事盗猎活动，例如为私人收藏家捕捉珍稀动物，或者贩卖受保护的动物和违反道德的动物制品，如兽皮、象牙之类——虽然1920 年代大多数国家这些活动都不算违法。
尽管“王牌猎人”是最典型的类型，不过在加拿大育空的深山老林里打驼鹿和熊为生的土著人也可以算是猎人。",confirmed-standard,big-game-hunter,handbook-73-big-game-hunter,yes,Investigator Handbook,,map-to-canonical-family,high,
21,19,书商,书商,20-40,教育×4,会计，估价，汽车驾驶，历史，图书馆，母语，外语，一项社交技能（取悦、话术、恐吓、说服）。,yes,书商可能拥有自己的店面或者利基(小众)邮购服务，也可能辗转全国甚至海外专门经销书籍。许多人拥有富有的，能提供利润丰厚又稀罕的工作的固定客户。,confirmed-standard,book-dealer,handbook-73-book-dealer,yes,Investigator Handbook,,map-to-canonical-family,high,
22,20,赏金猎人,赏金猎人,9-30,教育×2＋力量或敏捷×2,汽车驾驶，电子学或电气维修，格斗或射击，一项社交技能（取悦、话术、恐吓、说服），法律，心理学，追踪，潜行。,yes,"赏金猎人捉拿罪犯并将他们交给正义去审判。最常见的情况是受保释人的委托去缉捕逃狱者。赏金猎人们为了自己的猎物可以不择手段，几乎不会考虑其他人的正当权益之类细枝末节的东西。
非法闯入、威胁、肢体暴力，都是赏金猎人屡试不爽的秘技。现在这些秘技还包括了电话窃听、黑客操作和其他的秘密监控。
(译注：所谓保释业者。向法院交纳保释金，可以在审判之前免受收押；若被保释者按时接受审判，法院会退还保释金。保释金数额较大，故有保释业者以提供保释金收取手续费为业。)",confirmed-standard,bounty-hunter,handbook-73-bounty-hunter,yes,Investigator Handbook,,map-to-canonical-family,high,
23,21,拳击手、摔跤手,拳击手、摔跤手,9-60,教育×2＋力量×2,闪避，格斗（斗殴），恐吓，跳跃，心理学，侦查，任意两项其他个人或时代特长。,yes,"拳击手和摔跤手各分为职业和业余两种。
职业拳击手和职业摔角手的活动由外部利益支持的贸助人安排，并有合同约束。他们还要进行全日制的工作和训练。
业余拳击的竞赛种类非常丰富，同时它也是那些想成为职业拳手的人的训练场。不过也有业余和准职业的选手靠参加黑市拳击赛谋生，举办这些比赛的通常是本地的黑社会或者是从中渔利的庄家。",confirmed-standard,boxer-wrestler,handbook-73-boxer-wrestler,yes,Investigator Handbook,,map-to-canonical-family,high,
24,22,管家、男仆、女仆,管家、男仆、女仆,9-40,教育×4,会计或估价，技艺（任一：如烹饪、裁缝、理发），急救，聆听，外语，心理学，侦查，任意一项其他个人或时代特长。,no,,confirmed-standard,butler-valet-maid,handbook-74-butler-valet-maid,no,Investigator Handbook,,map-to-canonical-family,high,Excel adds Foreign Language and reduces the official two free personal/era picks to one.
25,23,神职人员,神职人员,9-60,教育×4,会计，历史，图书馆，聆听，外语，一项社交技能（取悦、话术、恐吓、说服），心理学，任意一项其他技能。,yes,"神职人员通常担任一个教区的牧师，或是经过分配外出传教，尤其是去国外(见传教士)。
不同的教会工作的侧重点和组织结构各不相同，如天主教会的牧师可能上升到主教、大主教和红衣主教，而一个卫理公会的牧师则会升职到教区主管和主教。
许多神职人员都接受忏悔(不仅仅是天主教)。虽然不能透露忏悔的内容，但是要怎样利用它们就全凭他们自己了。
有些教职人员在教堂接受医生、律师、学者的专业培训。这样的调查员应该选择最符合自己工作的职业模板。",confirmed-standard,clergy,handbook-74-clergy-member-of-the,yes,Investigator Handbook,,map-to-canonical-family,high,
26,24,程序员、电子工程师（现代）,计算机程序员、工程师,10-70,教育×4,计算机，电气维修，电子学、图书馆，科学（数学），侦查，任意两项其他个人或时代特长。,yes,"计算器程序员通常是设计、编写、测试、调试和维护计算器程序源代码的职业。他们精通从形式逻辑到系统平台(程序运行环境)的各种知识，可能是自由工作者，也可能供职于软件开发部门。
计算器技术人员负责计算器系统和网络的开发和维护工作，经常与其他人员(如项目经理)合作来保证系统的完整稳定和正常提供所需功能。类似的职业还包括数据库管理员、系统管理员、网络管理员、多媒体开发人员、软件工程师、网络管理员等。",confirmed-standard-variant,computer-professional,handbook-74-computer-programmer-technician,yes,Investigator Handbook,,map-to-source-variant,high,
27,25,黑客/骇客（现代）,黑客,10-70,教育×4,计算机，电气维修，电子学，图书馆，侦查，一项社交技能（取悦、话术、恐吓、说服），任意两项其他技能。,yes,计算器黑客利用计算器和计算器网络为手段，进行干扰或破坏以达成政治目的(有时被称为“政治黑客”)或获取非法利益。达成目标的手段主要是非法入侵计算器和其他用户帐户，目的则可能包括篡改网页、人肉搜索、盗取身份信息、垃圾邮件炸弹、拒绝服务攻击等等。,confirmed-standard-variant,computer-professional,handbook-74-hacker,yes,Investigator Handbook,,map-to-source-variant,high,
28,26,牛仔,牛仔,9-20,教育×2＋力量或敏捷×2,闪避，格斗或射击，急救或自然，跳跃，骑乘，生存（任一），投掷，追踪。,yes,"牛仔在西部的牧区和牧场工作。有些人拥有自己的牧场，更多的则是在各处打工为生。想赚大钱的牛仔会去冒着丢胳膊少腿乃至送命的危险参加牛仔巡回赛，通过旅行获取名誉。
在1920 年代，一些牛仔能在好莱坞找到西部片替身演员和群众演员的工作，例如怀特·厄普就曾为西部电影担任顾问。在现代，有些牧场也对想要体验一把牛仔生活的游客开放。",confirmed-standard,cowboy,handbook-74-cowboy-cowgirl,yes,Investigator Handbook,,map-to-canonical-family,high,
29,27,工匠,工匠,10-40,教育×2＋敏捷×2,会计，技艺（任二），机械维修，自然，侦查，任意两项其他个人或时代特长。,yes,"工匠也可能被人叫做师傅或大师，是擅长对各种材料进行手工加工的人。通常都是才能出众的人，有的凭借自己的艺术作品出名，有的则会服务于自己的小区。
可能的行当包括：家具、珠宝、钟表、陶艺、锻造、纺织、书法、裁缝、木工、书籍装裱、玩具制造、彩色玻璃吹制等等。",confirmed-standard,craftsperson,handbook-74-craftsperson,yes,Investigator Handbook,same-name:工匠,map-to-canonical-family,high,
30,28,罪犯-刺客,刺客,30-60,教育×2＋力量或敏捷×2,乔装，电气维修，格斗，射击，锁匠，机械维修，潜行，心理学。,yes,杀手是地下世界的冷血夺命者。这是一项严谨的活计，他们从外地受雇杀人，接近目标，果断下手，又迅速离开。杀手通常很难融入社会，因为很多杀手行为总是很刻板，其他人很容易以为他们不近人情。但是另一方面，他们也会结婚生子，在其他方面和普通人没有什么不同。,confirmed-standard-variant,criminal,handbook-75-assassin,yes,Investigator Handbook,,map-to-source-variant,high,
31,29,罪犯-银行劫匪,银行劫匪,5-75,教育×2＋力量或敏捷×2,汽车驾驶，电气维修或机械维修，格斗，射击，恐吓，锁匠，操作重型机械，任意一项其他个人或时代特长。,yes,"罪犯的体格和相貌形形色色，有些是纯粹碰运气伺机行事，比如扒手和暴徒；有些则组成分工明确，会详细调查并制定计划的犯罪组织。后者包括银行劫匪、飞贼、赝造者和诈骗者。
罪犯可能为别人工作，后者通常是“匪帮”或罪犯家族；也可能单打独斗，如果成功的报酬值得去费力冒险，才会和别人搭伙。自由犯罪者则往往被称为抢劫犯、响马贼和江洋大盗。",confirmed-standard-variant,criminal,handbook-75-bank-robber,yes,Investigator Handbook,,map-to-source-variant,high,
32,30,罪犯-打手、暴徒,打手、暴徒,5-30,教育×2＋力量×2,汽车驾驶，格斗，射击，两项社交技能（取悦、话术、恐吓、说服），心理学，潜行，侦查。,yes,打手、暴徒都是犯罪组织的兵卒。他们被犯罪组织豢养，不过团伙上层出事的时候，倒霉的往往是他们这些喽啰。对于他们来说，嘴紧和忠心属于职业道德。,confirmed-standard-variant,criminal,handbook-75-bootlegger-thug,yes,Investigator Handbook,,map-to-source-variant,high,
33,31,罪犯-窃贼,窃贼,5-40,教育×2＋敏捷×2,估价，攀爬，电气维修或机械维修，聆听，锁匠，妙手，潜行，侦查。,yes,"罪犯的体格和相貌形形色色，有些是纯粹碰运气伺机行事，比如扒手和暴徒；有些则组成分工明确，会详细调查并制定计划的犯罪组织。后者包括银行劫匪、飞贼、赝造者和诈骗者。
罪犯可能为别人工作，后者通常是“匪帮”或罪犯家族；也可能单打独斗，如果成功的报酬值得去费力冒险，才会和别人搭伙。自由犯罪者则往往被称为抢劫犯、响马贼和江洋大盗。",confirmed-standard-variant,criminal,handbook-75-burglar,yes,Investigator Handbook,,map-to-source-variant,high,
34,32,罪犯-欺诈师,欺诈师,10-65,教育×2＋外貌×2,估价，技艺（表演），法律或外语，聆听，两项社交技能（取悦、话术、恐吓、说服），心理学，妙手。,yes,欺诈师通常都是油嘴滑舌的人物。他们或单独或集体出没在富裕的人家和小区周边，诈取他们来之不易的钱财。许多骗局覆杂精妙，诈骗团伙会倾巢出动乃至租用建筑；有些则不需要这么麻烦，只要一个骗子几分钟就能搞定。,confirmed-standard-variant,criminal,handbook-75-conman,yes,Investigator Handbook,,map-to-source-variant,high,
35,33,罪犯-独行罪犯,独行罪犯,5-65,教育×2＋敏捷或外貌×2,技艺（表演）或乔装，估价，一项社交技能（取悦、话术、恐吓、说服），格斗或射击，锁匠或机械维修，潜行，心理学，侦查。,yes,"罪犯的体格和相貌形形色色，有些是纯粹碰运气伺机行事，比如扒手和暴徒；有些则组成分工明确，会详细调查并制定计划的犯罪组织。后者包括银行劫匪、飞贼、赝造者和诈骗者。
罪犯可能为别人工作，后者通常是“匪帮”或罪犯家族；也可能单打独斗，如果成功的报酬值得去费力冒险，才会和别人搭伙。自由犯罪者则往往被称为抢劫犯、响马贼和江洋大盗。",confirmed-standard-variant,criminal,handbook-75-criminal-freelance-solo,yes,Investigator Handbook,,map-to-source-variant,high,
36,34,罪犯-女飞贼（古典）,女飞贼（古典）,10-80,教育×2＋外貌×2,技艺（任意），两项社交技能（取悦、话术、恐吓、说服），格斗（斗殴）或射击（手枪），汽车驾驶，聆听，潜行，任意一项其他个人或时代特长。,yes,"女飞贼是名为专业大盗的女人。大部分都是独立行动，也有对自己的男伴言听计从的时候。
不过这也不一定，实际上情况可能完全相反，她完全可以在干了某一票以后就卷走所有现金和皮草溜之大吉。",confirmed-standard-variant,criminal,handbook-76-gun-moll,yes,Investigator Handbook,,map-to-source-variant,high,
37,35,罪犯-赃物贩子,赃物贩子,20-40,教育×2＋外貌×2,会计，估价，技艺（伪造），历史，一项社交技能（取悦、话术、恐吓、说服），图书馆，侦查，任意一项其他技能。,yes,赃物贩子，顾名思义是买卖偷抢来的财产，通常是收购赃物并转手卖给其他罪犯或(无意中)守法的顾客。主要来说，他们是小偷和买家的中间人，有时也会从交易中收取提成；不过更常见的还是以极低的价格直接收购赃物。,confirmed-standard-variant,criminal,handbook-76-fence,yes,Investigator Handbook,,map-to-source-variant,high,
38,36,罪犯-赝造者,赝造者、伪造者,20-60,教育×4,会计，估价，技艺（伪造），历史，图书馆，侦查，妙手，任意一项其他个人或时代特长（如计算机）。,yes,赝造者是地下世界的艺术家，专门从事伪造官方文件、契约、转让书，并提供伪造的签名。初学者只能做做小贼的假身份证，而顶级的赝造者连印假币的铸模都能做。,confirmed-standard-variant,criminal,handbook-76-forger-counterfeiter,yes,Investigator Handbook,,map-to-source-variant,high,
39,37,罪犯-走私者,走私者,20-60,教育×2＋外貌或敏捷×2,射击，聆听，导航，一项社交技能（取悦、话术、恐吓、说服），汽车驾驶或驾驶（飞行器或船），心理学，妙手，侦查。,yes,走私一直是一个有利可图的高风险行当。走私者往往有一个合法的表面职业，比如船长、飞行员或商人，以掩盖他们非法运输的行为。,confirmed-standard-variant,criminal,handbook-76-smuggler,yes,Investigator Handbook,,map-to-source-variant,high,
40,38,罪犯-混混,混混,3-10,教育×2＋力量或敏捷×2,攀爬，一项社交技能（取悦、话术、恐吓、说服），格斗，射击，跳跃，妙手，潜行，投掷。,yes,街头混混一般都是些小年轻，弄不好还在寻觅加入真正黑帮的契机。不过他们的本事也就限于偷车，盗窃商店货物，抢钱或者夜盗。,confirmed-standard-variant,criminal,handbook-76-street-punk,yes,Investigator Handbook,,map-to-source-variant,high,
41,39,教团首领,教团首领,30-60,教育×4,会计，两项社交技能（取悦、话术、恐吓、说服），神秘学，心理学，侦查，任意其他两项其他个人特长。,yes,"美国的新兴宗教层出不穷。直到现在，也还有从新英格兰超验主义到“天父的儿女”等等许多种类。教团首领有的创立了严格的教条并且对信徒推行，另一些则仅仅是垂涎于信徒的金钱和权势。
在1920 年代，各种诱惑性的新兴宗教团体纷纷涌现。有些采取基督教的形式，有些则混杂了东方的神秘主义和神秘学的仪式。美国西海岸的人对这些教团屡见不鲜，不过其他形式的教团全国各地都存在。在美国南部的“圣经带”，就有许多巡回帐篷演出圣歌、舞蹈，推行信仰覆兴。其他国家也是一样，只要有需要信仰的人，就会有新兴宗教团体。",confirmed-standard,cult-leader,handbook-77-cult-leader,yes,Investigator Handbook,,map-to-canonical-family,high,
42,40,除魅师（现代）,除魅师（现代）,20-50,教育×4,两项社交技能（取悦、话术、恐吓、说服），汽车驾驶，格斗（斗殴）或射击，历史，神秘学，心理学，潜行。※经KP允许 可用催眠替换其中一项。,yes,"除魅师的工作是说服(或者强迫)一个人放弃自己的信仰或是对宗教团体、社会团体的忠心。他们一般受雇于深陷教团之类组织的人的亲属，任务就是解救对方(通常靠绑架)，并通过心理学手段使他们割断与原来教团的联系(“控制”)。
也有不那么激烈的除魅师，他们的工作对象则是那些自愿离开教团的人，为他们完全地退出教团进行有效的指导。",confirmed-standard,deprogrammer,handbook-77-deprogrammer,yes,Investigator Handbook,,map-to-canonical-family,high,
43,41,设计师,设计师,20-60,教育×4,会计，技艺（摄影），技艺（任一），计算机或图书馆，机械维修，心理学，侦查，任意一项其他个人特长。,yes,"设计师的工作包括许多方面，从时装到家具或是其他任何东西。他们自由工作，为设计工作室和企业设计产品、流程、法律、游戏、图像等等。
调查员特定的设计方向也会影响他们对专业技能的选择，如果需要的话要进行调整。",confirmed-standard,designer,handbook-78-designer,yes,Investigator Handbook,,map-to-canonical-family,high,
44,42,业余艺术爱好者（原作向）,业余艺术爱好者（原作向）,50-99,教育×2＋外貌×2,技艺（任一），射击，外语，骑乘，一项社交技能（取悦、话术、恐吓、说服），任意三项其他个人或时代特长。,yes,"业余艺术爱好者靠经济自立、遗产继承、信托基金或者其他各种来源保障自己的生活开支，没有必要自己工作。如果经济条件足够好，他们甚至可以雇佣专业的经济顾问来打理自己的产业。他们可能有很高的学历，但不一定是真才实学；优越的经济条件使得他们性情古怪，口无遮拦。
在1920 年代，这些人可能会被时人称为“摩登女郎”或者“公子哥儿”，当然想当一个社交“名流”其实并不要求他有多有钱。换作现代，“时髦”则是恰如其分的形容词。
业余艺术爱好者有着大把的时间考虑如何变得潇洒世故，不过花这些时间去做别的事可是违背他们的天性和兴致。",confirmed-standard,dilettante,handbook-78-dilettante,yes,Investigator Handbook,,map-to-canonical-family,high,
45,43,潜水员,潜水员,9-30,教育×2＋敏捷×2,潜水，急救，机械维修，驾驶（船），科学（生物），侦查，游泳，任意一项其他个人或时代特长。,yes,潜水员可能在军队、执法机构或海绵采集、海上救援、环境保护甚至水下寻宝的民间机构工作。,confirmed-standard,diver,handbook-78-diver,yes,Investigator Handbook,,map-to-canonical-family,high,
46,44,医生（原作向）,医生（原作向）,30-80,教育×4,急救、医学、外语（拉丁文）、心理学、科学（生物学，制药），任两种其他学术或个人特长。,yes,"医生这里可能是指全科医生、外科医生、其他专科医生或者独立医学研究员。除去个人的目标以外，救死扶伤、获得财富和荣誉、提升公众的理性意识和科学素养也常常是医生的理想。
农村和小城镇的卫生院是全科医生的舞台，而大城市的各大医院则是高手如云，集聚了众多专攻病理学、毒理学、整形外科、脑外科等领域的专家。有些医生也可能担任全职或兼职的法医，进行尸检，并为市、县、州级执法机构出具检验报告。
在美国，行医资格由各州认证，大多要求最少两年的正规医学院校学习经历。不过这个规定还是比较晚近的，在1920 年代很多年长的医生尽管没受过任何正规专业教育，仍然可以获得医师执照。",confirmed-standard,doctor-of-medicine,handbook-78-doctor-of-medicine,yes,Investigator Handbook,,map-to-canonical-family,high,
47,45,流浪者,流浪者,0-5,教育×2＋外貌或敏捷或力量×2,攀爬，跳跃，聆听，导航，一项社交技能（取悦、话术、恐吓、说服），潜行，任意两项其他个人或时代特长。,yes,"相对于那些因贫困而苦恼的人，流浪者选择四处漂泊的生活，可能是出于社会、哲学、经济的原因，或只是渴望摆脱社会的约束。
流浪汉需要工作，有时几天或几个月，但他们应对问题时往往选择流动和孤立，而不是舒适和亲近。在美国，这种情况尤其常见，只要旅行本身没有什么危险，就会有人选择漂泊为生。",confirmed-standard,drifter,handbook-78-drifter,yes,Investigator Handbook,,map-to-canonical-family,high,
48,46,司机-私人司机,私人司机,10-40,教育×2＋敏捷×2,汽车驾驶，两项社交技能（取悦、话术、恐吓、说服），聆听，机械维修，导航，侦查，任意一项其他个人或时代特长。,yes,私人司机是直接受雇于个人或企业，或者是专门提供连人带车的私人司机业务的中介机构。,confirmed-standard-variant,driver,handbook-79-chauffeur,yes,Investigator Handbook,,map-to-source-variant,high,
49,47,司机-司机,司机,9-20,教育×2＋力量或敏捷×2,会计，汽车驾驶，聆听，一项社交技能（取悦、话术、恐吓、说服），机械维修，导航，心理学，任意一项其他个人或时代特长。,yes,专职司机可能为企业、个人工作，也可能拥有自己的出租车或货车。通常司机还要通过警方的背景调查，获得特殊的驾驶许可证。,confirmed-standard-variant,driver,handbook-79-driver,yes,Investigator Handbook,,map-to-source-variant,high,
50,48,司机-出租车司机,出租车司机,9-30,教育×2＋敏捷×2,会计，汽车驾驶，电气维修，话术，机械维修，导航，侦查，任意一项其他个人或时代特长。,yes,出租车司机可能属于大大小小的出租车公司，也可能靠自己的车和证件运营(在美国，需要出租车牌照)。出租车公司负责为出租车司机登记车辆并分配调度，方便司机自由揽客。出租车上必须统一安装计价器，并由出租车协会进行定期检查。,confirmed-standard-variant,driver,handbook-79-taxi-driver,yes,Investigator Handbook,,map-to-source-variant,high,
51,49,编辑,编辑,10-30,教育×4,会计，历史，母语，两项社交技能（取悦、话术、恐吓、说服），心理学，侦查，任意一项其他个人或时代特长。,yes,编辑的工作包括审核记者的稿件，撰写报刊社论，应对各种突发事件、到了截稿时间要催稿，编辑工作只好偶尔为之啦。大型报社的编辑数量众多，包括比起新闻编辑更多参与业务运营的主编。其他编辑专门负责时尚、体育或者其他板块。许多小报可能就只有一个编辑，他甚至有可能就是报社的业主或者唯一的全职员工。,confirmed-standard,editor,handbook-79-editor,yes,Investigator Handbook,,map-to-canonical-family,high,
52,50,政府官员,政府官员,50-90,教育×2＋外貌×2,取悦，历史，恐吓，话术，聆听，母语，说服，心理学。,yes,"以民选方式选举出来的政府官员享有与他们的职位相符的声望。小城市的市长和城镇的镇长之类，他们的影响力基本出不了城镇的范围，而且这样的职务基本上是兼职的，报酬也很少。大城市的市长，工资就相当可观了，而且还能把自己的城市管理得像小王国一样，影响力和权力比所在州的州长还要大。
州议会的众参两院议员是相当有面子的职位，尤其是在商界和本州岛的其他业界。
州长负责全州的事务，是联系各州和国家的纽带。
联邦政府拥有最高等级的影响力。众议院议员由各州按本州岛人口所占比重选派的共400 余名议员组成，任期为两年。参议院则是不论各州大小，每州选派两名议员到花生屯任职。任期长达六年，人数不超过一百，所以参议员更是权倾一方，许多年长的议员能够享受总统级的待遇。
在英国，下议院议员由选举产生，任期四到五年；上议院议员则不由选举产生，是世袭制或由君主指任。",confirmed-standard,elected-official,handbook-79-elected-official,yes,Investigator Handbook,,map-to-canonical-family,high,
53,51,工程师,工程师,30-60,教育×4,技艺（技术制图），电气维修，图书馆，机械维修，操作重型机械，科学（工程学，物理），任意一项其他个人或时代特长。,yes,工程师精通机械和电气设备，可能在民间或军工企业工作，也可能是个发明家。他们擅长应用科学、数学知识和丰富的创造思维，解决各种技术问题。,confirmed-standard,engineer,handbook-79-engineer,yes,Investigator Handbook,,map-to-canonical-family,high,
54,52,艺人,艺人,9-70,教育×2＋外貌×2,技艺（表演类，如表演、演唱、喜剧等），乔装，两项社交技能（取悦、话术、恐吓、说服），聆听，心理学，任意两项其他个人或时代特长。,yes,"艺人包括小丑、歌手、舞蹈演员、喜剧演员、杂耍艺人、魔术师，各种以在人前表演谋生的人。他们乐于向更多的人表现自己的能力，并期待观众回报的掌声。
在1920 年代，这一职业并不受人尊重。不过1920 年代好莱坞明星的高薪彻底改变了很多人的想法，现在这个职业背景已经通常被视作是优势了。",confirmed-standard,entertainer,handbook-79-entertainer,yes,Investigator Handbook,same-name:艺人,map-to-canonical-family,high,
55,53,探险家（古典）,探险家（古典）,55-80,教育×2＋外貌或敏捷或力量×2,攀爬或游泳，射击，历史，跳跃，自然，导航，外语，生存。,yes,"在20 世纪早期，这世界还有许多地区尚未有人涉足，而探索这些地方正是探险家的工作。这种令人兴奋不已的生活方式，其经济来源则是科学界的赞助、私人的捐赠、博物馆的委托和报纸杂志图书电影的版权等等。
黑非洲的大部分仍然不为人知，同样的地方还包括了南美的马托格罗索高原，澳大利亚的大沙沙漠，撒哈拉和阿拉伯沙漠，和亚洲的茫茫戈壁。尽管南北极点已经被探险家征服了，但周围很大部分的地区仍然是未知的。",confirmed-standard,explorer,handbook-80-explorer,yes,Investigator Handbook,,map-to-canonical-family,high,
56,54,农民,农民,9-30,教育×2＋力量或敏捷×2,技艺（耕作），汽车驾驶（或运货马车），一项社交技能（取悦、话术、恐吓、说服），机械维修，自然，操作重型机械，追踪，任意一项其他个人或时代特长,yes,"农民可能自己拥有土地，自己从事农牧业，也可能是受雇在农场工作。农业劳动繁重而枯燥，特别适合那些喜欢户外体力劳动的人。
1920 年代是美国城镇人口超过农村人口的首个十年。从这时起一直到现在，自耕农民都在受到规模化农业企业和剧烈波动的农产品市场的双重冲击。",confirmed-standard,farmer,handbook-80-farmer,yes,Investigator Handbook,,map-to-canonical-family,high,
57,55,联邦探员,联邦探员,20-40,教育×4,汽车驾驶，格斗（斗殴），射击，法律，说服，潜行，侦查，任意一项其他个人或时代特长。,yes,联邦执法机构和特工种类各异。有些身着制服，比如美国司法部的人员；另外一些则穿便服，工作内容也类似警探，比如联邦调查局的人员。,confirmed-standard,federal-agent,handbook-80-federal-agent,yes,Investigator Handbook,,map-to-canonical-family,high,
58,56,消防员,消防员,9-30,教育×2＋力量或敏捷×2,攀爬，闪避，汽车驾驶，急救，跳跃，机械维修，操作重型机械，投掷。,yes,消防员是公职人员，通常为所管辖的小区服务。他们夜以继日地工作，或者连续几天的倒班工作，吃住包括娱乐活动都要局限在消防局里。消防员的管理结构类似军队，职位包括中尉、上尉和局长等等。,confirmed-standard,firefighter,handbook-80-firefighter,yes,Investigator Handbook,,map-to-canonical-family,high,
59,57,驻外记者,驻外记者,10-40,教育×4,历史，外语，母语，聆听，两项社交技能（取悦、话术、恐吓、说服），心理学，任意一项其他个人或时代特长。,yes,"驻外记者是新闻界的精英人才。他们拿着固定工资,靠报销单环游全世界。在 1920 年代,驻外记者通常供职于大型报社、广播电台、或者国家级通讯社。当代的驻外记者也可能自由撰稿或 者为电视台、网络通讯社和国际新闻通讯社工作。
这个职业的工作内容五花八门,经常能激动人心。不过博物学灾害、政治动荡和战争也会成为驻外记者报导的主要内容,工作也不总是一帆风 顺。",confirmed-standard,foreign-correspondent,handbook-80-foreign-correspondent,yes,Investigator Handbook,,map-to-canonical-family,high,
60,58,法医,法医,40-60,教育×4,外语（拉丁文），图书馆，医学，说服，科学（生物学，药学，司法科学），侦查。,yes,"法医是一个高度专门化的职业,大多数法医为市、县或州执法机构工作。工作内容包括尸体解剖,推定死因,并为公诉人提供建议。法医也常常会在刑事审判中出庭提供证言。",confirmed-standard,forensic-surgeon,handbook-80-forensic-surgeon,yes,Investigator Handbook,,map-to-canonical-family,high,
61,59,赌徒,赌徒,8-50,教育×2＋外貌或敏捷×2,会计，技艺（表演），两项社交技能（取悦、话术、恐吓、说服），聆听，心理学，妙手，侦查。,yes,"赌徒是罪犯世界里最花哨的一群人。他们衣 着光鲜,不论朴实还是华丽都魅力四射。不论是靠赛马、纸牌游戏还是其他赌博方式,他们总是要凭自己的运气过活。
老练的赌徒会频繁地光顾犯罪组织开设的地 下赌场。少数赌场高手可能经常参加漫长而又一掷千金的豪赌,甚至可能有外部利益集团作为后台。
低级的赌徒则出入于狭窄的小巷,在骰子房 耍弄灌铅的骰子,或者是挤坐在阴暗的台球室里。",confirmed-standard,gambler,handbook-81-gambler,yes,Investigator Handbook,,map-to-canonical-family,high,
62,60,黑帮-黑帮老大,黑帮老大,60-95,教育×2＋外貌×2,格斗，射击，法律，聆听，两项社交技能（取悦、话术、恐吓、说服），心理学，侦查。,yes,"黑帮可能是整个城市、一部分城市的大佬, 也可能只是给这些大佬打工的马仔。马仔们通常 有自己的保护范围,比如监管非法运输和收取保 护费等等。老板总管业务,负责交易,并要就各 种各样的问题给马仔们拿主意。更重要的是,老 板可以各种高人一等,只要能找到马仔或者小弟 去干的事,他基本是不肯污了自己的手去做的。
黑社会在 1920 年代上升为突出的社会问题。本来仅限于在本地收收保护费和管管赌场的外国 裔黑帮,不约而同地发现了贩卖私酒带来的巨大 利润。没过多久,他们就掌控了城市的大片区域, 并在街上和其他黑帮火并。虽然大部分黑帮是按 来源的民族划分——如爱尔兰裔、意大利裔、非 洲裔和犹太裔,黑帮的成员仍然可能是任何民族。
如今,贩毒则取代其他,成为多数黑帮中来 钱最快的犯罪门路。和 1920 年代前辈的工作方法 类似,现在的黑帮老大也需要大量的小弟来负责 保卫、推广、在街道里推行自己的业务。
除去贩私酒和贩毒以外,卖淫、保护、赌博、 腐败等等都是这些犯罪组织的业务范围。",confirmed-standard-variant,gangster,handbook-81-gangster-boss,yes,Investigator Handbook,,map-to-source-variant,high,
63,61,黑帮-马仔,马仔,9-20,教育×2＋力量或敏捷×2,汽车驾驶，格斗，射击，两项社交技能（取悦、话术、恐吓、说服），心理学，任意两项其他个人或时代特长。,yes,"黑帮可能是整个城市、一部分城市的大佬, 也可能只是给这些大佬打工的马仔。马仔们通常 有自己的保护范围,比如监管非法运输和收取保 护费等等。老板总管业务,负责交易,并要就各 种各样的问题给马仔们拿主意。更重要的是,老 板可以各种高人一等,只要能找到马仔或者小弟 去干的事,他基本是不肯污了自己的手去做的。
黑社会在 1920 年代上升为突出的社会问题。本来仅限于在本地收收保护费和管管赌场的外国 裔黑帮,不约而同地发现了贩卖私酒带来的巨大 利润。没过多久,他们就掌控了城市的大片区域, 并在街上和其他黑帮火并。虽然大部分黑帮是按 来源的民族划分——如爱尔兰裔、意大利裔、非 洲裔和犹太裔,黑帮的成员仍然可能是任何民族。
如今,贩毒则取代其他,成为多数黑帮中来 钱最快的犯罪门路。和 1920 年代前辈的工作方法 类似,现在的黑帮老大也需要大量的小弟来负责 保卫、推广、在街道里推行自己的业务。
除去贩私酒和贩毒以外,卖淫、保护、赌博、 腐败等等都是这些犯罪组织的业务范围。",confirmed-standard-variant,gangster,handbook-81-gangster-underling,yes,Investigator Handbook,,map-to-source-variant,high,
64,62,绅士、淑女,绅士、淑女,40-90,教育×2＋外貌×2,技艺（任一），两项社交技能（取悦、话术、恐吓、说服），射击（步枪/霰弹枪），历史，外语（任一），导航，骑乘。,yes,"绅士淑女指的是有良好的教养品行、举止彬彬有礼的人。通常用来称呼上流社会(通过继承 或津贴)拥有相当财富的人。
在上世纪 20 年代,这样的人至少要有一个仆 人(管家、男仆、女仆、私人司机),还要有城 市或乡村的宅第。家庭的富有并不重要,因为家庭的社会地位往往比财产更被上流社会所看重。",confirmed-standard,gentleman-lady,handbook-81-gentleman-lady,yes,Investigator Handbook,,map-to-canonical-family,high,
65,63,游民,游民,0-5,教育×2＋外貌或敏捷×2,技艺（任一），攀爬，跳跃，聆听，锁匠或妙手，导航，潜行，任意一项其他个人或时代特长。,yes,"游民只有少数的人愿意去当,虽然失业的人、 醉倒在阴沟里的醉鬼到处都是。和流浪者只会在 必需时才工作不同,游民的工作本身就是流浪。
他们不断地坐火车旅行,从一个城市辗转到 另一个城市,他们是身无分文的诗人、漂泊者, 铁路上的探索者、冒险者和盗贼。但是铁路上的生活一样充满危险。且不说穷困潦倒、无家可归, 还要面对来自警察、周围居民和铁路员工的敌意。另外在深夜中跳车并不是一件容易的事,在跳车的时候被车厢夹断过手脚的人可是不可胜数。",confirmed-standard,hobo,handbook-81-hobo,yes,Investigator Handbook,,map-to-canonical-family,high,
66,64,勤杂护工,勤杂护工,6-15,教育×2＋力量×2,电气维修，一项社交技能（取悦、话术、恐吓、说服），格斗（斗殴），急救，聆听，机械维修，心理学，潜行。,yes,"勤杂护工在医院的工作包括倒垃圾、打扫房间、运送病人,还有一些其他乱七八糟的工作。总之对他们的要求不比对看门人多多少。",confirmed-standard,hospital-orderly,handbook-82-hospital-orderly,yes,Investigator Handbook,,map-to-canonical-family,high,
67,65,记者(原作向)-调查记者,调查记者,9-30,教育×4,技艺（艺术或摄影），一项社交技能（取悦、话术、恐吓、说服），历史，图书馆，母语，心理学，任意两项其他个人或时代特长。,yes,"记者用文字对当天的新闻事件进行报导与评 论,一天之内就要完成一个作家一周的工作量。他们通常为报纸、杂志、广播电台、电视台或者新闻网站撰稿。
优秀的调查记者在报导事件的同时,即使面对丑恶,也能保持自身的清廉正直。恶心的记者则被现实所压倒,最终丧失自己的节操,肆意操纵文字歪曲真相。",confirmed-standard-variant,journalist,handbook-81-82-investigative-journalist,yes,Investigator Handbook,,map-to-source-variant,high,
68,66,记者(原作向)-通讯记者,通讯记者,9-30,教育×4,技艺（表演），历史，聆听，母语，一项社交技能（取悦、话术、恐吓、说服），心理学，潜行，侦查。,yes,"通讯记者则是新闻传媒行业大军中的一员, 不管是自由撰稿或是在报社、杂志社、新闻网站、 通讯社工作。大部分记者从事实地工作,包括走 访见证人、查看记录、收集叙述。有些记者被安 排专门追踪警界、体育界或商界的热点新闻,其他人则是负责社会事件乃至园艺俱乐部之类的事情。
通讯记者都会携带记者证,不过记者证除了 各通讯社(主要是报社)用来识别自己的雇员以 外没有太大的作用。实际上记者的工作内容更像 私家侦探,有时为了获得第一手消息也难免使点嘴上花招。",confirmed-standard-variant,journalist,handbook-81-82-reporter,yes,Investigator Handbook,,map-to-source-variant,high,
69,67,法官,法官,50-80,教育×4,历史，恐吓，法律，图书馆，聆听，母语，说服，心理学。,yes,"法官是主持审判全过程的人,可能单独工作或是和同事组成合议庭。一般是推选或任命制, 工作年限也分定期和终身。有的人是初出茅庐就当了法官,而其余的绝大多数,不论是在联邦最高法院还是遥远西部小镇的法官,其实至少都是经过注册的律师。",confirmed-standard,judge,handbook-82-judge,yes,Investigator Handbook,,map-to-canonical-family,high,
70,68,实验室助理,实验室助理,10-30,教育×4,计算机或图书馆，电气维修，外语，科学（化学和任意两项），侦查，任意一项其他个人特长。,yes,"实验室助理在科研环境中工作,在首席科学家的监督下进行实验和行政工作。
研究内容可能依首席科学家的研究学科而变 化。但基本都包括取样、测试、记录和分析数据、 调整和进行实验、制备标本和样品、管理实验室的日常工作,和保护工作人员的健康与安全。",confirmed-standard,laboratory-assistant,handbook-82-laboratory-assistant,yes,Investigator Handbook,,map-to-canonical-family,high,
71,69,工人-非熟练工人,非熟练工人,9-30,教育×2＋力量或敏捷×2,汽车驾驶，电气维修，格斗，急救，机械维修，操作重型机械，投掷，任意一项其他个人或时代特长。,yes,"工人这一大类职业包括工厂工人、纺织工人、 码头工人、养路工人、矿工、建筑工人等等。工人分为两种类型:熟练工和非熟练工。普通的工人虽然技术不熟练,但是仍然长于使用电动工具、 起重机和其他工厂设备。",confirmed-standard-variant,laborer,handbook-82-laborer-unskilled,yes,Investigator Handbook,,map-to-source-variant,high,
72,70,工人-伐木工,伐木工,9-30,教育×2＋力量或敏捷×2,攀爬，闪避，格斗（链锯），急救，跳跃，机械维修，自然或科学（生物学或植物学），投掷。,yes,"工人这一大类职业包括工厂工人、纺织工人、 码头工人、养路工人、矿工、建筑工人等等。工人分为两种类型:熟练工和非熟练工。普通的工人虽然技术不熟练,但是仍然长于使用电动工具、 起重机和其他工厂设备。",confirmed-standard-variant,laborer,handbook-82-lumberjack,yes,Investigator Handbook,,map-to-source-variant,high,
73,71,工人-矿工,矿工,9-30,教育×2＋力量或敏捷×2,攀爬，科学（地质），跳跃，机械维修，操作重型机械，潜行，侦查，任意一项其他个人或时代特长。,yes,"工人这一大类职业包括工厂工人、纺织工人、 码头工人、养路工人、矿工、建筑工人等等。工人分为两种类型:熟练工和非熟练工。普通的工人虽然技术不熟练,但是仍然长于使用电动工具、 起重机和其他工厂设备。",confirmed-standard-variant,laborer,handbook-83-miner,yes,Investigator Handbook,,map-to-source-variant,high,
74,72,律师,律师,30-80,教育×4,会计，法律，图书馆，两项社交技能（取悦、话术、恐吓、说服），心理学，两项其他技能。,yes,"律师或法律顾问精通他们所在地区的法律，擅长把抽象的法学理论知识联系起来，为客户解决法律方面的疑难，担任辩护代理、法律顾问的工作，为客户提供解决办法。可能受托处理个人案件、接受法院指定，也可能专门为某个富裕客户或公司服务。
在美国，“律师”一词一般只指辩护律师。在英国，“律师”一词则包括高级律师、初级律师还有一些执法机构。
假如碰上好客户的话，律师自己也可以一战成名，少数律师还能以自己在政治经济方面的获益吸引媒体的关注。",confirmed-standard,lawyer,handbook-83-lawyer,yes,Investigator Handbook,same-name:律师,map-to-canonical-family,high,
75,73,图书馆管理员（原作向）,图书馆管理员（原作向）,9-35,教育×4,会计，图书馆，外语，母语，任意四项其他个人特长或专业书籍主题。,yes,"图书馆管理员在公共机构和图书馆工作，负责管理图书目录和书库，并处理图书借阅等。在现代，图书馆管理员还要负责管理视听数据、电子书库。
一些大公司可能聘用图书馆管理员管理书库，偶尔还会有富有的图书藏家招收他们管理自己的私人藏书。",confirmed-standard,librarian,handbook-83-librarian,yes,Investigator Handbook,,map-to-canonical-family,high,
76,74,技师,技师,9-40,教育×4,技艺（木工、焊接、管道工等），攀爬，汽车驾驶，电气维修，机械维修，操作重型机械，任意两项其他个人或时代或技术特长。,yes,技师包括所有需要专业训练和作为学徒或实习生工作经验的职业，例如木工、石工、管道工、电气维修、设备安装工人、机修工人等等这些需要技术资质的职业。通常这些工人有自己的工会组织，会和承包人和雇主争取自己的权益。,confirmed-standard,mechanic,handbook-83-mechanic-and-skilled-trades,yes,Investigator Handbook,,map-to-canonical-family,high,
77,75,军官,军官,20-70,教育×2＋力量或敏捷×2,会计，射击，导航，急救，两项社交技能（取悦、话术、恐吓、说服），心理学，任意一项其他个人或时代特长。,yes,"军官有严格的等级，许多等级还需要高等教育学历。各国武装部队都建立了人才培养系统，其中包括大学教育。在美国，许多大学开设军校生训练项目，可以让学员同时接受文化教育和军事训练。毕业的学员可以授以陆军或海军少尉军衔，并分派到各驻地。他们通常会为国家服役四年，之后可以退役覆员。许多人有专门的任命，作为医生、律师和工程师工作。
寻求军旅生涯的人会为进入西点军校和美国海军军官学校这样的著名军校而努力，拥有这些名校学历很容易得到其他军官的尊敬。离开学校以后，许多军官也会选择接受飞行训练等特殊训练。
富有经验，特别值得提升的士兵会被破例提拔为一级准尉。虽然在名义上位列最末，获得这一军衔所需要的时间和经验意味着他们远比普通的初中级军官更受尊敬。绝大多数军衔是终身荣誉，退役多年的军官仍然可以自称上尉或者将军。",confirmed-standard-variant,military-officer,handbook-83-military-officer,yes,Investigator Handbook,,map-to-source-variant,high,
78,76,传教士,传教士,0-30,教育×2＋外貌×2,技艺（任一），急救，机械维修，医学，自然，一项社交技能（取悦、话术、恐吓、说服），任意两项其他个人或时代特长。,yes,"传教士云游到世界的各个角落，传播神的旨意，在文明的地方拯救“不幸的原始人”和“迷途的灵魂”。他们可能属于天主教、新教、伊斯兰教或者其他信仰系统，比如后期圣徒教会(摩门教)在欧美就有专门的传道所。
有的传教士只凭自己的意志独立行动，有的则可能有教会以外的组织支持。
基督教、伊斯兰教的传教者，佛教、印度教的法师，在全世界各个时代都能遇到。",confirmed-standard-variant,missionary,handbook-83-84-missionary,yes,Investigator Handbook,,map-to-source-variant,high,
79,77,登山家,登山家,30-60,教育×2＋力量或敏捷×2,攀爬，急救，跳跃，聆听，导航，外语，生存（阿尔卑斯或类似），追踪。,yes,"登山家一般都是利用业余时间和假期的运动员，只有少数攀登著名高山的人才会去寻找财力和设备的赞助。
19 世纪登山运动开始兴起，到了1920 年代，所有美洲和阿尔卑斯地区的主要山峰都被一一征服。经过与西藏人的冗长谈判之后，外国登山队终于获准进入喜马拉雅山的高峰地区。作为世界上最后未被征服的高峰，对珠峰的进军经常被电台和报纸报道。不过1921、1922、1924 年的三次远征都没能达到峰顶，还造成了13 人死亡。
到了现代，登山可以是休闲运动或职业选择。如果是后者，则工作内容包括教练、向导、运动员或救生员等。
(译注：1920 年代的登山队都是取道中国境内的北坡，故正是与西藏地方政府进行的商谈。)",confirmed-standard,mountain-climber,handbook-84-mountain-climber,yes,Investigator Handbook,,map-to-canonical-family,high,
80,78,博物馆管理员,博物馆管理员,10-30,教育×4,会计，估价，考古，历史，图书馆，神秘学，外语，侦查。,yes,博物馆管理员可能负责大学或其他公共机构的大型设施，也可能负责小一些的博物馆，往往对本地的地质或者其他的内容颇有研究。,confirmed-standard,museum-curator,handbook-84-museum-curator,yes,Investigator Handbook,,map-to-canonical-family,high,
81,79,音乐家,音乐家,9-30,教育×2＋意志或敏捷×2,技艺（乐器），一项社交技能（取悦、话术、恐吓、说服），聆听，心理学，四项其他技能。,yes,"音乐家可能加入乐团、乐队或者独奏，演奏的乐器则可以是任何你能想象的种类。音乐家想出人头地十分困难，签约发布唱片就更难了。所以绝大多数音乐家都贫穷又无人关注，只靠街头卖艺勉强维持生计。少数幸运儿可以找到固定工作，比如在酒吧、宾馆或者市交响乐团弹钢琴。对更少的人来说，在正确的时间出现在正确的地点，再加上一点点天赋，就能获得巨大的成功和可观的财富。
1920 年代是爵士乐的年代，众多的音乐家在美国各地的大中城市、城镇里的爵士乐队和交响乐队工作。少数音乐家住在芝加哥和纽约之类的大城市并在那里打拼，而大部分的人靠巴士、汽车或者火车过着旅行生活。",confirmed-standard,musician,handbook-84-musician,yes,Investigator Handbook,,map-to-canonical-family,high,
82,80,护士,护士,9-30,教育×4,急救，聆听，医学，一项社交技能（取悦、话术、恐吓、说服），心理学，科学（生物学，化学），侦查。,yes,护士是专业的医疗助理，通常在医院和疗养院之类的地方工作，或者和全科医生一起合作。一般来说，护士会协助健康人或病人进行保健或康复活动(或者临终关怀)，虽然其他人若是有足够的力量、意志或者知识，完全不需要护士帮助的康复也是可能的。,confirmed-standard,nurse,handbook-84-nurse,yes,Investigator Handbook,,map-to-canonical-family,high,
83,81,神秘学家,神秘学家,9-65,教育×4,人类学，历史，图书馆，一项社交技能（取悦、话术、恐吓、说服），神秘学，外语，科学（天文），任意一项其他个人或时代特长 ※经KP允许 可以包含克苏鲁神话,yes,"神秘学家是钻研深奥秘密和神秘魔法的人。他们对超博物学能力深信不疑，并竭尽所能靠他们的能力去了解这些东西。许多人对不同神秘哲学和魔法理论的知识面都相当广泛，有些甚至相信自己专注研究三十年真的成为了魔法师——到底是真是假就交由KP 来决断了。
需要指出的是，神秘学家熟知的基本上是“表面的魔法”——克苏鲁神话魔法的秘密对他们仍然是未知的，或者不过是古书上描述那些诱人的线索而已。",confirmed-standard,occultist,handbook-84-occultist,yes,Investigator Handbook,,map-to-canonical-family,high,
84,82,旅行家,旅行家,5-20,教育×2＋力量或敏捷×2,射击，急救，聆听，自然，导航，侦查，生存（任一），追踪。,yes,"旅行家爱好户外，他们一年中大部分时间都呆在户外，并且一出门就是相当长的时间；通常有相当的捕鱼和狩猎技术，能在最恶劣的环境之中幸存下来。擅长的技术可能包括登山、捕鱼、滑雪、皮划艇、攀登和露营。
旅行家可能在国家公园或素质拓展中心做野外向导和护林员，也可能是有其他经济来源能让他们不用工作就能以这种方式生活，说不定还可能是一个隐士，只有在需要的时候才会回到文明社会。",confirmed-standard,outdoorsperson,handbook-85-outdoorsman-outdoorswoman,yes,Investigator Handbook,,map-to-canonical-family,high,
85,83,超心理学家,超心理学家,9-30,教育×4,人类学，技艺（摄影），历史，图书馆，神秘学，外语，心理学，任意一项其他个人或时代特长。,yes,"超心理学家从不打算欣赏超常现象。相反，他们试图去观察，记录并研究这些实例。被叫做“捉鬼人”的他们利用技术手段来获取某人或某地点的超博物学活动的证据，当然比起收集到实在的证据，更多的时候他们是在揭穿假冒和误认的超常现象。
一些超心理学家专门研究特定的现象，例如超感官、心灵致动、闹鬼等等。
名牌大学是没有超心理学学位的。这个领域成就的评判标准完全是基于个人声誉，所以一般有相近学科学历比如物理学、心理学和医学的人会比较有说服力。
选择研究这个的人往往对不可视的神秘力量抱有相当的同情态度，并希望其他的科学家也能满意地点头肯定。这就表现出了一种既相信又怀疑的奇异的迭加态——恐怕超心理学家自己也难解决这个问题。一个对观察实验证明不感兴趣的人是个神秘学家而不是个科学家。",confirmed-standard,parapsychologist,handbook-85-parapsychologist,yes,Investigator Handbook,,map-to-canonical-family,high,
86,84,药剂师,药剂师,35-75,教育×4,会计，急救，外语（拉丁文），图书馆，一项社交技能（取悦、话术、恐吓、说服），心理学，科学（制药，化学）。,yes,药剂师的管理一直以来都比医生更严格。所有的药剂师都要在各州注册，注册的条件则是高中毕业并至少在药学院学习三年。他们可能在医院或者药房工作，也可能自己开药房。,confirmed-standard,pharmacist,handbook-86-pharmacist,yes,Investigator Handbook,,map-to-canonical-family,high,
87,85,摄影师-摄影师,摄影师,9-30,教育×4,技艺（摄影），一项社交技能（取悦、话术、恐吓、说服），心理学，科学（化学），潜行，侦查，任意两项其他个人或时代特长。,yes,"摄影师大部分是自由工作者，可能制作广告电影或者在照相馆做肖像拍摄。其他一些摄像师则在报纸、电视和电影产业工作。
摄影作为一种艺术形式已经产生相当长的时间了，精英的摄影师可以从艺术、新闻报道、野生动物保护等多种角度出发创作他们的作品。不管是哪种立意，他们都能获得名誉和报酬。
摄影记者本质上就是拿照相机，为拍摄的照片写配文的记者。在1920 年代，新闻短片走上历史舞台。笨重的35mm 摄像装备走遍全球各地，搜寻有价值的新闻轶事、体育赛事和泳装选美比赛。新闻片制作人员一般分为三类：一类是画面中的记者，另两个人则负责摄像和灯光等等。新闻中的声音则是在新闻稿完成以后在录音棚中录入完成的。",confirmed-standard-variant,photographer,handbook-86-photographer,yes,Investigator Handbook,,map-to-source-variant,high,
88,86,摄影师-摄影记者,摄影记者,10-30,教育×4,技艺（摄影），攀爬，一项社交技能（取悦、话术、恐吓、说服），外语，心理学，科学（化学），任意两项其他个人或时代特长。,yes,"摄影师大部分是自由工作者，可能制作广告电影或者在照相馆做肖像拍摄。其他一些摄像师则在报纸、电视和电影产业工作。
摄影作为一种艺术形式已经产生相当长的时间了，精英的摄影师可以从艺术、新闻报道、野生动物保护等多种角度出发创作他们的作品。不管是哪种立意，他们都能获得名誉和报酬。
摄影记者本质上就是拿照相机，为拍摄的照片写配文的记者。在1920 年代，新闻短片走上历史舞台。笨重的35mm 摄像装备走遍全球各地，搜寻有价值的新闻轶事、体育赛事和泳装选美比赛。新闻片制作人员一般分为三类：一类是画面中的记者，另两个人则负责摄像和灯光等等。新闻中的声音则是在新闻稿完成以后在录音棚中录入完成的。",confirmed-standard-variant,photographer,handbook-86-photojournalist,yes,Investigator Handbook,,map-to-source-variant,high,
89,87,飞行员-飞行员,飞行员,20-70,教育×2＋敏捷×2,电气维修，机械维修，导航，操作重型机械，驾驶（飞行器），科学（天文），任意两项其他个人或时代特长。,yes,"飞行员可以在美国邮政这样的企业工作，也可以在大大小小的民航公司做飞行人员。
美国1926 年之前没有对飞行员的职业要求，1926 年航空商业法案通过之后才要求有执照。这个时代的多数飞行员从事嘉年华表演、特技飞行表演、乘飞机游玩或是小机场的空中的士等服务。
也有飞行员在部队服现役。许多特技飞行员是在服役期间学会的驾驶飞机，有时仍然会被军队委派任务。",confirmed-standard-variant,pilot,handbook-87-pilot,yes,Investigator Handbook,,map-to-source-variant,high,
90,88,飞行员-特技飞行员（古典）,特技飞行员（古典）,30-60,教育×4,会计，电气维修，聆听，机械维修，导航，驾驶（飞行器），侦查，任意一项其他个人或时代特长。,yes,"特技飞行员在嘉年华工作或者为大胆的消费者进行休闲飞行服务。参加有组织的飞行表演赛，不论是固定路线还是越野赛，往往都可以增加自己的知名度。在1920 年代，好莱坞常常使用特技飞行员，飞机制造商也会录用一些飞行员为新机作测试。许多特技飞行员是在一次大战中掌握的飞行技术，所以许多人仍然在陆海空军或海岸警卫队服役；年轻的飞行员则基本上是在和平时期接受的训练或是自学成才。
参加过一战的王牌飞行员“现在”还活跃在公众视野中的包括：埃迪·里肯巴克，现在在克赖斯勒公司工作；汤米·希区柯克，“现在”是马球赛场的明星；里德·兰迪斯，美国职棒大联盟执行长凯纳索·蒙顿·兰迪斯的儿子。",confirmed-standard-variant,pilot,handbook-87-aviator-stunt-pilot,yes,Investigator Handbook,,map-to-source-variant,high,
91,89,警方(原作向)-警探,警探,20-50,教育×2＋力量或敏捷×2,技艺（表演）或乔装，射击，法律，聆听，一项社交技能（取悦、话术、恐吓、说服），心理学，侦查，一项其他技能。,yes,"便衣警察的工作是检查犯罪现场、收集证据、询问证人以解决凶杀、盗窃等重大案件。他们在现场办案中往往与穿制服的巡警密切合作。
警探可能指挥他的下属进行详尽的调查，但是很难有机会集中精力对付单独一个事件，在美国他们很可能要同时处理数十乃至上百的案件。警探工作最关键的部分是通过梳理证词、重建现场情况，摒弃伪证，从而收集足够逮捕嫌疑人的证据，进而促成成功的刑事审判。警探和检察官的职责是分开的，这样可以保证证据在审判之前被独立地对待。
尽管现在警探通常会参加警察学校课程并获得学位、参加特殊训练或公务员培训，他们最主要的经验还是来源于担任基层警官或者普通巡警时的工作经历。",confirmed-standard-variant,police,handbook-87-police-detective,yes,Investigator Handbook,,map-to-source-variant,high,
92,90,警方(原作向)-巡警,警官,9-30,教育×2＋力量或敏捷×2,格斗（斗殴），射击，急救，一项社交技能（取悦、话术、恐吓、说服），法律，心理学，侦查和下面的一种个人特长：汽车驾驶或骑乘。,yes,巡警属于市、城镇、县治安部门或州、地区的警察机关。他们工作时可能步行、驾驶巡逻车，或者干脆坐办公室。,confirmed-standard-variant,police,handbook-87-uniformed-police-officer,yes,Investigator Handbook,,map-to-source-variant,high,
93,91,私家侦探,私家侦探,9-30,教育×2＋力量或敏捷×2,技艺（摄影），乔装，法律，图书馆，一项社交技能（取悦、话术、恐吓、说服），心理学，侦查，一项其他个人或时代特长（如计算机、锁匠、格斗、射击）。,yes,"私家侦探通常在警察不出手的地方活跃，包括收集证据为客户准备民事诉讼，追查跑路的配偶或生意伙伴，或者代理刑事案件的私人辩护。他们和任何专业人员一样，私家侦探从不顾及自己的私人情感，只要付钱，不管是有罪还是无罪的一方的委托他们都乐得接受。
私家侦探过去可能在警察队伍里工作，利用以前的业务关系为现在工作谋求优势；然而事实并非总是如此。在许多地方私家侦探必须持证上岗，假如被发现有违法行为，就会撤销执照——侦探生涯也就到此为止。",confirmed-standard,private-investigator,handbook-87-private-investigator,yes,Investigator Handbook,same-name:私家侦探,map-to-canonical-family,high,
94,92,教授（原作向）,教授（原作向）,20-70,教育×4,图书馆，外语，母语，心理学，任意四项其他学术、时代或个人特长。,yes,"教授是受聘于高等院校的学者。大公司也可 能聘请他们以开展学术研究与产品开发。独立的学者也靠开办业余课程作为经济来源。
最重要的一点,这一职业代表了 PhD(博士) 的荣誉称号,意味着可以在世界各地的大学任终身教职。教授的专长是教学和专业研究,往往在自己的专业领域内有着可圈可点的学术成就。",confirmed-standard,professor,handbook-87-88-professor,yes,Investigator Handbook,,map-to-canonical-family,high,
95,93,淘金客,淘金客,0-10,教育×2＋力量或敏捷×2,攀爬、急救、历史、机械维修、导航、科学（地质），侦查，任意一项其他个人或时代特长。,yes,"淘金客一直是美国西部的特色,即便在加利福尼亚淘金热和内华达康姆斯塔克发现金银矿的日子早已经过去的现在。他们无休止地在山间漫游,寻找能使自己一夜暴富的矿脉。而且现在发现石油和发现金子一样给力。",confirmed-standard,prospector,handbook-88-prospector,yes,Investigator Handbook,,map-to-canonical-family,high,
96,94,性工作者,性工作者,5-50,教育×2＋外貌×2,技艺（任一），两项社交技能（取悦、话术、恐吓、说服），闪避，心理学，妙手，潜行，任意一项其他个人或时代特长。,yes,"性工作者根据场合、背景和教养,从超级值钱的应召小姐到牛郎再到站街女都有可能。往往入这一行都是权宜之计,许多人梦想有朝一日能够脱身。少数人能够自己接客,不过绝大多数人 基本都是被只认钱不认人的老鸨和皮条客逼迫着 工作。",confirmed-standard,sex-worker,handbook-88-prostitute,yes,Investigator Handbook,,map-to-canonical-family,high,
97,95,精神病学家,精神病学家,30-80,教育×4,外语，聆听，医学，说服，精神分析，心理学，科学（生物学，化学）。,yes,"精神病学家是在现代专门从事精神失常诊断和治疗的医生。精神病学家掌握着精神药理学的 治疗方法,使用精神类药物的资质,还能整理脑电图并对其进行计算器分析。
在十九二十世纪之交,精神分析理论刚刚产 生,试图解释一些现在认为实际上是生物学范畴的现象。所以,精神分析学家们努力寻求获得自 己的医疗证书。与此同时,各种不同的精神失常诊断与治疗理论开始起步。到 1930 年代,任何一个医生都可以以精神病学家的身份进入美国医学协会名录中了。",confirmed-standard,psychiatrist,handbook-88-psychiatrist,yes,Investigator Handbook,,map-to-canonical-family,high,
98,96,心理学家、精神分析学家,心理学家、心理分析学家,10-40,教育×4,会计，图书馆，聆听，说服，精神分析，心理学，任意两项其他学术、个人或时代特长。,yes,"心理学家虽然也经常被叫做心理治疗师和心理咨询师,不过这些工作都只是心理学的分支。其他的还有为企业和政府提供顾问的组织管理心 理学家,进行研究并在学校教授心理学的学术型心理学家等等。
临床心理学家可能实际接触病人,并且运用各种可能的心理治疗方法。注意心理学家和专业的精神病学家的区别,后者本质上还是医生。
在1920 年代,对人类行为的研究还是一个新兴的领域,主要的理论还是弗洛伊德心理学。",confirmed-standard,psychologist-psychoanalyst,handbook-88-psychologist-psychoanalyst,yes,Investigator Handbook,,map-to-canonical-family,high,
99,97,研究员,研究员,9-30,教育×4,历史，图书馆，一项社交技能（取悦、话术、恐吓、说服），外语，侦查，任意三项其他学术领域。,yes,"学术界的研究课题不计其数,尤其是在天文 学、物理学和其他理论领域。私人或企业也雇用 了成千上万的研究员,重点在化学、制药和工程 领域。石油公司则会聘用专业的地质学家,不一 而足。研究员大部分的时间都在室内工作和写作, 不过有的则会经常外出考察。
考察研究员通常经验丰富,思想独立又足智 多谋,可能受雇于私人或者为大学进行学术研究。
石油公司会派出地质学家探索潜在的油田, 人类学家则是调查地球被人遗忘角落的原始部落, 考古学家则竭数年之力挖掘沙漠丛林之中的宝藏, 还要和工人与地方政府打交道。",confirmed-standard,researcher,handbook-89-researcher,yes,Investigator Handbook,,map-to-canonical-family,high,
100,98,海员-军舰海员,军舰海员,9-30,教育×2＋敏捷或力量×2,电工或机械维修，格斗，射击，急救，导航，驾驶（船），生存（海上），游泳。,yes,"新入伍的海员像陆军的同行一样,开始时需 要接受基本的训练。这之后他们获得军衔,并被 分配到各镇守府。虽然很多海员担任像水手长副手和司炉工(管理引擎)这样的传统角色,但是也有很多经过专门训练的机械师、无线电操作员、通风管理员之类。海员们最高的军衔是士官长, 达到了这个军衔连高级将领都要礼让三分。在美国,海员通常要服四年的现役和后两年的后备役, 即在国家发布动员令时有应召服役的义务。",confirmed-standard-variant,sailor,handbook-89-sailor-naval,yes,Investigator Handbook,,map-to-source-variant,high,
101,99,海员-民船海员,民用船海员,20-40,教育×2＋敏捷或力量×2,急救，机械维修，自然，导航，一项社交技能（取悦、话术、恐吓、说服），驾驶（船），侦查，游泳。,yes,"民用船海员可能在渔船、客船,或运输原油或商品的运输船上工作。在美国,客船活跃在东西海岸和五大湖,运送渔民和游客。目前佛罗里达州在墨西哥湾和大西洋海岸拥有最多数量的客 船。
在禁酒令期间,许多客船船长发现把急切想 喝酒的顾客运到 3 海里外,外国船只允许卖酒的地方是一桩赚钱的买卖。当然走私酒也报酬丰厚, 但是危险就高多了。",confirmed-standard-variant,sailor,handbook-89-sailor-commercial,yes,Investigator Handbook,,map-to-source-variant,high,
102,100,推销员,推销员,9-40,教育×2＋外貌×2,会计，两项社交技能（取悦、话术、恐吓、说服），汽车驾驶，聆听，心理学，潜行或妙手，一项其他技能。,yes,"推销员是商务工作的必需一环,他们的工作就是推广和销售公司的产品或服务。大部分推销员的时间要用来旅行、开会、和客户应酬(在报销限额之内)。有些则主要坐办公室用电话联系 潜在客户,还有的会在各小区巡回,挨家挨户上门推销。
1920 年代是企业家的年代,旅行推销成了一种日常生活方式。这些人有些直接现货交易,有些通过托销交易,当然不管黑猫白猫,拿到订单的才是好猫,推销员要用强烈的销售策略才能说得客户,至于价钱就不是他们考虑的范围了。有些推销员在固定的地区工作,有些则可以自由漫 游,寻找任何地方可能出现的商机。如果是上门推销,那商品可能就是刷子、吸尘器或者百科全书之类的各种对象了。",confirmed-standard,salesperson,handbook-89-salesperson,yes,Investigator Handbook,,map-to-canonical-family,high,
103,101,科学家,科学家,9-50,教育×4,任意三项科学专业领域，计算机或图书馆，外语，母语，一项社交技能（取悦、话术、恐吓、说服），侦查。,yes,"科学家是在追求知识的过程中挖掘真理的人。如果想要利用科学知识制造有用的物品,需要的 是工程师;而如果想要扩展“可能”这个概念的范围,那就是科学家的工作了。
科学家们通常在企业和大学工作,以进行他们的研究。
虽然主攻一个科学领域,但是真正称职的科 学家一般也能达到通晓其他数个科学领域的水平。他们对自己的母语也能使用自如,学历也相当高, 甚至拥有博士学位。",confirmed-standard,scientist,handbook-89-scientist,yes,Investigator Handbook,same-name:科学家,map-to-canonical-family,high,
104,102,秘书,秘书,9-30,教育×2＋敏捷或外貌×2,会计，技艺（打字或速记），两项社交技能（取悦、话术、恐吓、说服），母语，图书馆或计算机，心理学，任意一项其他个人或时代特长。,yes,"秘书的范围是从高薪的私人管理助理到普通的打字员。这份工作的重点在于以自己各种沟通 协调能力,支持主管和经理人员。
因为身处企业流程的中心,许多秘书比老板对企业的内部运作和经营还要熟悉。
在 1920 年代,秘书工作主要是通信工作,例如听写打印信件,整理文文件系统,并为老板安排 会议时间。有的情况下,秘书还会负责老板的生活, 比如安排假期、为老板和家人置办礼物,还有保 护老板的安全。",confirmed-standard,secretary,handbook-90-secretary,yes,Investigator Handbook,,map-to-canonical-family,high,
105,103,店老板,店老板,20-40,教育×2＋外貌或敏捷×2,会计，两项社交技能（取悦、话术、恐吓、说服），电气维修，聆听，机械维修，心理学，侦查。,yes,"店老板经营小店、市场摊位或者是小饭馆。这种店往往都是小本自营,不过也有为其他东家照顾生意的。不少店是家族式管理,工作人员大 部分都有亲属关系,其他的雇员即便有也很少。
在 1920 年代,还有不少的老板娘开起了自己的理发店和帽店。",confirmed-standard,shopkeeper,handbook-90-shopkeeper,yes,Investigator Handbook,,map-to-canonical-family,high,
106,104,士兵、海军陆战队士兵,士兵、海军陆战队士兵,9-30,教育×2＋力量或敏捷×2,攀爬或游泳，闪避，格斗，射击，潜行，生存，下面任选两项：急救、机械维修、外语。,yes,"士兵指的是从列兵到士官长(美国军衔制) 的统称。尽管名义上比起最新的次级少尉还低, 即便高级军官也往往对他们给予尊重。在美国, 标准的服役期限是六年,包括四年现役和两年后 备役。
所有应征人员首先要在“训练营(新兵连)” 接受基本训练,在训练营中新兵将学习如何行军、 射击和敬礼。结束训练营的训练后,大部分的新兵会分配到步兵营,虽然也有分配到炮兵营和坦 克营的。少部分会接受非战斗的训练,例如通风 系统、机械装备、文职甚至军官接待。海军陆战队名义上属于海军,但是和陆军士兵在背景、训练方式和技能方面都很相近。",confirmed-standard,soldier-marine,handbook-89-90-soldier-marine,yes,Investigator Handbook,,map-to-canonical-family,high,
107,105,间谍,间谍,20-60,教育×2＋外貌或敏捷×2,技艺（表演）或乔装，射击，聆听，外语，一项社交技能（取悦、话术、恐吓、说服），心理学，妙手，潜行。,yes,"间谍为国家和组织的情报部门卖命。他们能以从大使到厨房清洁工的任何职业身份作为掩饰,刺探他们所需的情报。有些间谍数年如一日的持续着卧底工作,另一些穿个马甲就换一个身份。
在本国委任的间谍通常会去往外国工作。间谍除了情报收集和反情报收集的主要工作, 也会被委派其他任务,例如招募新间谍和国家批 准的暗杀等。",confirmed-standard,spy,handbook-90-spy,yes,Investigator Handbook,,map-to-canonical-family,high,
108,106,学生、实习生,学生、实习生,5-10,教育×4,语言（母语或外语），图书馆，聆听，三个学习的专业，任意两项其他个人或时代特长。,yes,"学生可能在大学或学院学习,实习生则是正在接受宝贵的入职培训,获得最低报酬的公司员 工。",confirmed-standard,student-intern,handbook-90-student-intern,yes,Investigator Handbook,,map-to-canonical-family,high,
109,107,替身演员,替身演员,10-50,教育×2＋力量或敏捷×2,攀爬，闪避，电气维修或机械维修，格斗，急救，跳跃，游泳，下面任选一项：潜水、汽车驾驶、驾驶（任一），骑乘。,yes,"替身演员在电影和电视剧工业中活跃,专门 模拟坠楼、车祸等灾难场景。他们通常会接受格 斗技巧和舞台格斗的训练。任何的替身特技表演 都是有风险的,所以健康和安全是这个工作的核心元素。
在现代,替身演员基本都是工会的成员,想要加入工会,他们必须有证明自己能力的证书(例 如高级驾驶执照,潜水执照等等)。而且,所有 的特技场景还要有特技总监负责指导动作。但是在 1920 年代,这些演员组织、行业规范根本就没有成型,所以事故率和死亡率居高不下。",confirmed-standard,stunt-performer,handbook-90-stuntman,yes,Investigator Handbook,,map-to-canonical-family,high,
110,108,部落成员,部落成员,0-15,教育×2＋力量或敏捷×2,攀爬，格斗或投掷，聆听，自然，神秘学，侦查，游泳，生存（任一）。,yes,"至少,从家族忠诚来说,部落文化无处不在。在部落中,亲属关系和传统习俗的首䙳地位是不言而喻的。一个部落通常来说是一个相对较小的群体。相比起法律和个人权利,部落更加依据个人荣耀而裁定行为。崇拜、复仇、嘉奖以及荣耀－－所有的一切都是部落成员个人所有的,而如果领袖或是仇敌被视为有荣耀的人,那么他们个人也必然在某种程度上十分有名。在这样的环境下, 放逐是有着实际的效用在的。",confirmed-standard,tribe-member,handbook-91-tribe-member,yes,Investigator Handbook,,map-to-canonical-family,high,
111,109,殡葬师,殡葬师,20-40,教育×4,会计，汽车驾驶，一项社交技能（取悦、话术、恐吓、说服），历史，神秘学，心理学，科学（生物学，化学）。,yes,"殡葬师又叫殡葬业者或葬礼主持人,是负责运行丧葬仪式的职业。工作也包含土葬和火化等内容。在葬礼上,殡葬师要进行防腐、裹衣、入殓、 遗体美容等等工作。
殡葬师的执照由各州发放。他们可能自己拥有殡仪馆,或者在别人的殡仪馆工作。",confirmed-standard,undertaker,handbook-91-undertaker,yes,Investigator Handbook,,map-to-canonical-family,high,
112,110,工会活动家,工会活动家,5-50,教育×4,会计，两项社交技能（取悦、话术、恐吓、说服），格斗（斗殴），法律，聆听，操作重型机械，心理学。,yes,"工会活动家是组织者、领导者,有时也是空 想者或者别有用心的抗议者,通常是工人的伙伴、 老板的对头。各行各业都有工会,不论是码头工人、 建筑工人、矿工还是演员。
在 20 世纪早期,工会活动家所在的工会面临着诸多危险。大企业想要毁掉它,政治家在支持它和谴责它之间摇摆不定,社会主义者和共产主义者试图影响它,还有犯罪组织试图夺取它。",confirmed-standard,union-activist,handbook-91-union-activist,yes,Investigator Handbook,,map-to-canonical-family,high,
113,111,服务生,服务生,9-20,教育×2＋外貌或敏捷×2,会计，技艺（任一），闪避，聆听，两项社交技能（取悦、话术、恐吓、说服），心理学，任意一项其他个人或时代特长。,yes,"服务生在酒店、酒吧或者其他餐饮业场所服务顾客。通常薪酬很低,不过通过对顾客良好服务, 可以得到他们给的小费。
在禁酒令时期,售酒场所的服务员是非法职业。不过犯罪组织把控的地下酒吧中仍然存在许多工作机会。",confirmed-standard,waiter,handbook-91-92-waitress-waiter,yes,Investigator Handbook,,map-to-canonical-family,high,
114,112,白领工人-职员、主管,职员/主管,9-20,教育×4,会计，语言，法律，图书馆或计算机，聆听，一项社交技能（取悦、话术、恐吓、说服），任意两项其他个人或时代特长。,yes,"白领工人可能是从最低等级的白领职员到中层或高层的管理人员。所属单位则可能从小型中型的本地企业直到大型的国家级甚至跨国公司。
职员被扣工资是家常便饭,工作也往往单调乏味。不过如果在工作中展现出了天分,那也会被看上,将来会得到提拔。",confirmed-standard-variant,white-collar-worker,handbook-91-92-clerk-executive,yes,Investigator Handbook,,map-to-source-variant,high,
115,113,白领工人-中高层管理人员,中层、高层管理人员,20-80,教育×4,会计，外语，法律，两项社交技能（取悦、话术、恐吓、说服），心理学，任意两项其他个人或时代特长。,yes,"白领工人可能是从最低等级的白领职员到中层或高层的管理人员。所属单位则可能从小型中型的本地企业直到大型的国家级甚至跨国公司。
中高层管理人员的工 资比较高,当然责任也比较重,要负责管理公司的日常事务。虽然未婚的白领并不少见,但很多管理人员还是很顾家,家里一般会有配偶和孩子——家庭通常是他们的期望。",confirmed-standard-variant,white-collar-worker,handbook-93-middle-senior-manager,yes,Investigator Handbook,,map-to-source-variant,high,
116,114,狂热者,狂热者,0-30,教育×2＋外貌或意志×2,历史，两项社交技能（取悦、话术、恐吓、说服），心理学，潜行，任意三项其他个人或时代特长。,yes,"热情而有动力、鄙视安逸的生活,狂热者们为人类更好的生活或者为人类中最精华部分的利益而躁动不安。一些狂热者通过暴力推进他们的信仰,但是并不能说采取和平方式的就比他们好说话,他们每个人都梦想着为自己的理想辩护。",confirmed-standard,zealot,handbook-93-zealot,yes,Investigator Handbook,,map-to-canonical-family,high,
117,115,饲养员,饲养员,9-40,教育×4,驯兽，会计，闪避，急救，自然，医学，科学（制药，动物学）。,yes,"饲养员负责动物的喂养和看护,场地管理员和服务员管理其他杂务。通常饲养员会专门照看某一种动物,可以对动物使用「医学」技能。",confirmed-standard,zookeeper,handbook-93-zookeeper,yes,Investigator Handbook,,map-to-canonical-family,high,
118,116,大使,大使,50-90,教育×2＋外貌×2,取悦，历史，恐吓，话术，聆听，母语，说服，心理学。(用一到两种外语取代前面两种技能),yes,《克苏鲁的呼唤调查员伴侣》职业，使用前请征得KP同意。,confirmed-out-of-scope,,,not-applicable,《克苏鲁的呼唤调查员伴侣》职业,,exclude-from-standard,high,Excel explicitly identifies a source outside the frozen Keeper Rulebook + Investigator Handbook Standard boundary.
119,117,运动员（游泳/潜水）,运动员(游泳/潜水),9-20,教育×2＋力量或敏捷×2,攀爬，跳跃，格斗（斗殴），外语，一项社交技能（取悦、话术、恐吓、说服），游泳，投掷，任意一项其他个人或时代特长。,yes,《克苏鲁的呼唤调查员伴侣》职业，使用前请征得KP同意。,confirmed-out-of-scope,,,not-applicable,《克苏鲁的呼唤调查员伴侣》职业,,exclude-from-standard,high,Excel explicitly identifies a source outside the frozen Keeper Rulebook + Investigator Handbook Standard boundary.
120,118,运动员（高尔夫）,运动员(高尔夫),50-70,教育×2＋力量或敏捷×2,攀爬，跳跃，格斗（斗殴），骑术，一项社交技能（取悦、话术、恐吓、说服），游泳，投掷，任意一项其他个人或时代特长。,yes,《克苏鲁的呼唤调查员伴侣》职业，使用前请征得KP同意。,confirmed-out-of-scope,,,not-applicable,《克苏鲁的呼唤调查员伴侣》职业,,exclude-from-standard,high,Excel explicitly identifies a source outside the frozen Keeper Rulebook + Investigator Handbook Standard boundary.
121,119,运动员（网球）,运动员(网球),30-70,教育×2＋力量或敏捷×2,跳跃，格斗（斗殴），闪避，一项社交技能（取悦、话术、恐吓、说服），心理学，侦察，投掷，任意一项其他个人或时代特长。,yes,《克苏鲁的呼唤调查员伴侣》职业，使用前请征得KP同意。,confirmed-out-of-scope,,,not-applicable,《克苏鲁的呼唤调查员伴侣》职业,,exclude-from-standard,high,Excel explicitly identifies a source outside the frozen Keeper Rulebook + Investigator Handbook Standard boundary.
122,120,运动员（田径）,运动员(田径),9-20,教育×2＋力量或敏捷×2,攀爬，跳跃，格斗（斗殴），外语，一项社交技能（取悦、话术、恐吓、说服），闪避，投掷，任意一项其他个人或时代特长。,yes,《克苏鲁的呼唤调查员伴侣》职业，使用前请征得KP同意。,confirmed-out-of-scope,,,not-applicable,《克苏鲁的呼唤调查员伴侣》职业,,exclude-from-standard,high,Excel explicitly identifies a source outside the frozen Keeper Rulebook + Investigator Handbook Standard boundary.
123,121,发言人,发言人,50-80,教育×4,乔装，闪避，三项社交技能（取悦、话术、恐吓、说服），心理学，外语，任意一项其他个人或时代特长。,yes,《克苏鲁的呼唤调查员伴侣》职业，使用前请征得KP同意。,confirmed-out-of-scope,,,not-applicable,《克苏鲁的呼唤调查员伴侣》职业,,exclude-from-standard,high,Excel explicitly identifies a source outside the frozen Keeper Rulebook + Investigator Handbook Standard boundary.
124,122,保释担保人,保释担保人,50-80,教育×4,会计，两项社交技能（取悦、话术、恐吓、说服），法律，图书馆，心理学，任意两项其他个人或时代特长。,yes,《克苏鲁的呼唤调查员伴侣》职业，使用前请征得KP同意。,confirmed-out-of-scope,,,not-applicable,《克苏鲁的呼唤调查员伴侣》职业,,exclude-from-standard,high,Excel explicitly identifies a source outside the frozen Keeper Rulebook + Investigator Handbook Standard boundary.
125,123,神职人员(天主教牧师),神职人员(天主教牧师),20-70,教育×4,会计，母语，外语(拉丁文)，图书馆，神秘学，一项社交技能（取悦、话术、恐吓、说服），心理学，任意一项其他技能。,yes,《克苏鲁的呼唤调查员伴侣》职业，使用前请征得KP同意。,confirmed-out-of-scope,,,not-applicable,《克苏鲁的呼唤调查员伴侣》职业,,exclude-from-standard,high,Excel explicitly identifies a source outside the frozen Keeper Rulebook + Investigator Handbook Standard boundary.
126,124,神职人员(新教牧师),神职人员(新教牧师),9-60,教育×4,会计，历史，图书馆，聆听，外语，一项社交技能（取悦、话术、恐吓、说服），心理学，任意一项其他技能。,yes,《克苏鲁的呼唤调查员伴侣》职业，使用前请征得KP同意。,confirmed-out-of-scope,,,not-applicable,《克苏鲁的呼唤调查员伴侣》职业,,exclude-from-standard,high,Excel explicitly identifies a source outside the frozen Keeper Rulebook + Investigator Handbook Standard boundary.
127,125,神职人员(犹太教拉比),神职人员(犹太教拉比),9-60,教育×4,母语，外语（希伯来语），历史，图书馆，神秘学，一项社交技能（取悦、话术、恐吓、说服），心理学，任意一项其他技能。,yes,《克苏鲁的呼唤调查员伴侣》职业，使用前请征得KP同意。,confirmed-out-of-scope,,,not-applicable,《克苏鲁的呼唤调查员伴侣》职业,,exclude-from-standard,high,Excel explicitly identifies a source outside the frozen Keeper Rulebook + Investigator Handbook Standard boundary.
128,126,专栏作家,专栏作家,30-70,教育×4,乔装，一项社交技能（取悦、话术、恐吓、说服），历史或图书馆，母语，外语，心理学，潜行。,yes,《克苏鲁的呼唤调查员伴侣》职业，使用前请征得KP同意。,confirmed-out-of-scope,,,not-applicable,《克苏鲁的呼唤调查员伴侣》职业,,exclude-from-standard,high,Excel explicitly identifies a source outside the frozen Keeper Rulebook + Investigator Handbook Standard boundary.
129,127,社会主义者/激进主义者,社会主义者/激进主义者,0-30,教育×2＋外貌或意志×2,格斗（斗殴），两项社交技能（取悦、话术、恐吓、说服），射击（手枪），外语，心理学，任意两项其他个人或时代特长。,yes,《克苏鲁的呼唤调查员伴侣》职业，使用前请征得KP同意。,confirmed-out-of-scope,,,not-applicable,《克苏鲁的呼唤调查员伴侣》职业,,exclude-from-standard,high,Excel explicitly identifies a source outside the frozen Keeper Rulebook + Investigator Handbook Standard boundary.
130,128,撰稿人,撰稿人,20-60,教育×4,母语，艺术（文学），两项社交技能（取悦、话术、恐吓、说服），历史，图书馆，聆听，心理学。,yes,《克苏鲁的呼唤调查员伴侣》职业，使用前请征得KP同意。,confirmed-out-of-scope,,,not-applicable,《克苏鲁的呼唤调查员伴侣》职业,,exclude-from-standard,high,Excel explicitly identifies a source outside the frozen Keeper Rulebook + Investigator Handbook Standard boundary.
131,129,罪犯（赌博庄家）,罪犯(赌博庄家),50-80,教育×2＋敏捷或外貌×2,"会计,两项社交技能（取悦、话术、恐吓、说服）,心理学，侦察，妙手，任意一项其他个人或时代特长。",yes,《克苏鲁的呼唤调查员伴侣》职业，使用前请征得KP同意。,confirmed-out-of-scope,,,not-applicable,《克苏鲁的呼唤调查员伴侣》职业,,exclude-from-standard,high,Excel explicitly identifies a source outside the frozen Keeper Rulebook + Investigator Handbook Standard boundary.
132,130,罪犯（放高利贷者）,罪犯(放高利贷者),50-80,教育×2＋敏捷或外貌×2,"会计，估价，两项社交技能（取悦、话术、恐吓、说服）,心理学，侦察，任意两项其他个人或时代特长。",yes,《克苏鲁的呼唤调查员伴侣》职业，使用前请征得KP同意。,confirmed-out-of-scope,,,not-applicable,《克苏鲁的呼唤调查员伴侣》职业,,exclude-from-standard,high,Excel explicitly identifies a source outside the frozen Keeper Rulebook + Investigator Handbook Standard boundary.
133,131,罪犯（扒手）,罪犯(扒手),9-30,教育×2＋敏捷×2,"乔装，一项社交技能（取悦、话术、恐吓、说服）,潜行，聆听，心理学，侦察，妙手，任意一项其他个人或时代特长。",yes,《克苏鲁的呼唤调查员伴侣》职业，使用前请征得KP同意。,confirmed-out-of-scope,,,not-applicable,《克苏鲁的呼唤调查员伴侣》职业,,exclude-from-standard,high,Excel explicitly identifies a source outside the frozen Keeper Rulebook + Investigator Handbook Standard boundary.
134,132,罪犯（地下钱庄）,罪犯(地下钱庄),30-70,教育×4,会计，法律，图书馆，聆听，说服，侦察，任意其他两项个人或时代特长。,yes,《克苏鲁的呼唤调查员伴侣》职业，使用前请征得KP同意。,confirmed-out-of-scope,,,not-applicable,《克苏鲁的呼唤调查员伴侣》职业,,exclude-from-standard,high,Excel explicitly identifies a source outside the frozen Keeper Rulebook + Investigator Handbook Standard boundary.
135,133,罪犯（黑律师）,罪犯(黑律师),30-80,教育×4,会计，法律，图书馆，两项社交技能（取悦、话术、恐吓、说服），心理学，两项其他技能。,yes,《克苏鲁的呼唤调查员伴侣》职业，使用前请征得KP同意。,confirmed-out-of-scope,,,not-applicable,《克苏鲁的呼唤调查员伴侣》职业,,exclude-from-standard,high,Excel explicitly identifies a source outside the frozen Keeper Rulebook + Investigator Handbook Standard boundary.
136,134,牙医,牙医,30-70,教育×4,急救、医学、外语（拉丁文）、心理学、科学（生物学，制药），任两种其他学术或个人特长。,yes,《克苏鲁的呼唤调查员伴侣》职业，使用前请征得KP同意。,confirmed-out-of-scope,,,not-applicable,《克苏鲁的呼唤调查员伴侣》职业,,exclude-from-standard,high,Excel explicitly identifies a source outside the frozen Keeper Rulebook + Investigator Handbook Standard boundary.
137,135,外科医生/内科医生,外科医生/内科医生,50-80,教育×4,急救、医学、外语（拉丁文）、心理学、科学（生物学，制药），任两种其他学术或个人特长。,yes,《克苏鲁的呼唤调查员伴侣》职业，使用前请征得KP同意。,confirmed-out-of-scope,,,not-applicable,《克苏鲁的呼唤调查员伴侣》职业,,exclude-from-standard,high,Excel explicitly identifies a source outside the frozen Keeper Rulebook + Investigator Handbook Standard boundary.
138,136,整形医生,整形医生,30-80,教育×4,急救、医学、外语（拉丁文）、心理学、科学（生物学，制药），任两种其他学术或个人特长。,yes,《克苏鲁的呼唤调查员伴侣》职业，使用前请征得KP同意。,confirmed-out-of-scope,,,not-applicable,《克苏鲁的呼唤调查员伴侣》职业,,exclude-from-standard,high,Excel explicitly identifies a source outside the frozen Keeper Rulebook + Investigator Handbook Standard boundary.
139,137,司机-公交司机,司机-公交司机,30-50,教育×2＋敏捷×2,会计，汽车驾驶，电气维修，机械维修，导航，一项社交技能（取悦、话术、恐吓、说服），心理学，任意一项其他个人或时代特长。,yes,《克苏鲁的呼唤调查员伴侣》职业，使用前请征得KP同意。,confirmed-out-of-scope,,,not-applicable,《克苏鲁的呼唤调查员伴侣》职业,,exclude-from-standard,high,Excel explicitly identifies a source outside the frozen Keeper Rulebook + Investigator Handbook Standard boundary.
140,138,实地调研员,实地调研员,9-30,教育×4,会计，攀爬或跳跃，急救，图书馆，外语，一项社交技能（取悦、话术、恐吓、说服），两项研究领域相关技能。,yes,《克苏鲁的呼唤调查员伴侣》职业，使用前请征得KP同意。,confirmed-out-of-scope,,,not-applicable,《克苏鲁的呼唤调查员伴侣》职业,,exclude-from-standard,high,Excel explicitly identifies a source outside the frozen Keeper Rulebook + Investigator Handbook Standard boundary.
141,139,电影摄制人员,电影摄制人员,9-30,教育×2＋意志或敏捷×2,"艺术/工艺(任一,如摄影)，攀爬，汽车驾驶，电气维修，机械维修，一项社交技能（取悦、话术、恐吓、说服），任意两项其他个人或时代特长。",yes,《克苏鲁的呼唤调查员伴侣》职业，使用前请征得KP同意。,confirmed-out-of-scope,,,not-applicable,《克苏鲁的呼唤调查员伴侣》职业,,exclude-from-standard,high,Excel explicitly identifies a source outside the frozen Keeper Rulebook + Investigator Handbook Standard boundary.
142,140,司法科学家,司法科学家,30-50,教育×4,艺术（摄影），医学，法律，科学（化学，司法科学，药学），侦察，任意一项其他个人或时代特长。,yes,《克苏鲁的呼唤调查员伴侣》职业，使用前请征得KP同意。,confirmed-out-of-scope,,,not-applicable,《克苏鲁的呼唤调查员伴侣》职业,,exclude-from-standard,high,Excel explicitly identifies a source outside the frozen Keeper Rulebook + Investigator Handbook Standard boundary.
143,141,运动经理,运动经理,20-70,教育×2＋力量或敏捷×2,会计，格斗（斗殴），闪避，两项社交技能（取悦、话术、恐吓、说服），急救，心理学，任意一项其他个人或时代特长。,yes,《克苏鲁的呼唤调查员伴侣》职业，使用前请征得KP同意。,confirmed-out-of-scope,,,not-applicable,《克苏鲁的呼唤调查员伴侣》职业,,exclude-from-standard,high,Excel explicitly identifies a source outside the frozen Keeper Rulebook + Investigator Handbook Standard boundary.
144,142,商船队船员,商船队船员,20-30,教育×2＋力量或敏捷×2,人类学，攀爬，电气维修或机械维修，跳跃，操作重型机械，外语，生存（海上），任意一项其他个人或时代特长。,yes,《克苏鲁的呼唤调查员伴侣》职业，使用前请征得KP同意。,confirmed-out-of-scope,,,not-applicable,《克苏鲁的呼唤调查员伴侣》职业,,exclude-from-standard,high,Excel explicitly identifies a source outside the frozen Keeper Rulebook + Investigator Handbook Standard boundary.
145,143,古典音乐家,古典音乐家,9-30,教育×2＋意志或敏捷×2,会计，技艺（乐器），一项社交技能（取悦、话术、恐吓、说服），聆听，心理学，三项其他技能。,yes,《克苏鲁的呼唤调查员伴侣》职业，使用前请征得KP同意。,confirmed-out-of-scope,,,not-applicable,《克苏鲁的呼唤调查员伴侣》职业,,exclude-from-standard,high,Excel explicitly identifies a source outside the frozen Keeper Rulebook + Investigator Handbook Standard boundary.
146,144,赛车手/ 赛艇手,赛车手/ 赛艇手,30-70,教育×2＋敏捷×2,汽车驾驶，电气维修，机械维修，驾驶（船），心理学，侦察，任意两项其他个人或时代特长。,yes,《克苏鲁的呼唤调查员伴侣》职业，使用前请征得KP同意。,confirmed-out-of-scope,,,not-applicable,《克苏鲁的呼唤调查员伴侣》职业,,exclude-from-standard,high,Excel explicitly identifies a source outside the frozen Keeper Rulebook + Investigator Handbook Standard boundary.
147,145,电台播音员,电台播音员,50-80,教育×4,艺术（表演），母语，取悦，话术，说服，心理学，任意两项其他个人或时代特长。,yes,《克苏鲁的呼唤调查员伴侣》职业，使用前请征得KP同意。,confirmed-out-of-scope,,,not-applicable,《克苏鲁的呼唤调查员伴侣》职业,,exclude-from-standard,high,Excel explicitly identifies a source outside the frozen Keeper Rulebook + Investigator Handbook Standard boundary.
148,146,推销员（圣经推销员）,推销员(圣经推销员),9-40,教育×2＋外貌×2,会计，两项社交技能（取悦、话术、恐吓、说服），汽车驾驶，聆听，心理学，潜行或妙手，一项其他技能。,yes,《克苏鲁的呼唤调查员伴侣》职业，使用前请征得KP同意。,confirmed-out-of-scope,,,not-applicable,《克苏鲁的呼唤调查员伴侣》职业,,exclude-from-standard,high,Excel explicitly identifies a source outside the frozen Keeper Rulebook + Investigator Handbook Standard boundary.
149,147,推销员（旅行推销员）,推销员(旅行推销员),9-30,教育×2＋外貌×2,会计，两项社交技能（取悦、话术、恐吓、说服），汽车驾驶，导航，聆听，心理学，一项其他技能。,yes,《克苏鲁的呼唤调查员伴侣》职业，使用前请征得KP同意。,confirmed-out-of-scope,,,not-applicable,《克苏鲁的呼唤调查员伴侣》职业,,exclude-from-standard,high,Excel explicitly identifies a source outside the frozen Keeper Rulebook + Investigator Handbook Standard boundary.
150,148,小企业家,小企业家,50-70,教育×4,会计，两项社交技能（取悦、话术、恐吓、说服），心理学，四项经营业务相关技能。,yes,《克苏鲁的呼唤调查员伴侣》职业，使用前请征得KP同意。,confirmed-out-of-scope,,,not-applicable,《克苏鲁的呼唤调查员伴侣》职业,,exclude-from-standard,high,Excel explicitly identifies a source outside the frozen Keeper Rulebook + Investigator Handbook Standard boundary.
151,149,舞台工作人员,舞台工作人员,9-20,教育×2＋力量或敏捷×2,艺术/ 工艺（任一），母语，两项社交技能（取悦、话术、恐吓、说服），乔装，心理学，任意两项其他个人或时代特长。,yes,《克苏鲁的呼唤调查员伴侣》职业，使用前请征得KP同意。,confirmed-out-of-scope,,,not-applicable,《克苏鲁的呼唤调查员伴侣》职业,,exclude-from-standard,high,Excel explicitly identifies a source outside the frozen Keeper Rulebook + Investigator Handbook Standard boundary.
152,150,证券经纪人,证券经纪人,60-90,教育×4,会计，估价，母语，两项社交技能（取悦、话术、恐吓、说服），心理学，任意两项其他个人或时代特长。,yes,《克苏鲁的呼唤调查员伴侣》职业，使用前请征得KP同意。,confirmed-out-of-scope,,,not-applicable,《克苏鲁的呼唤调查员伴侣》职业,,exclude-from-standard,high,Excel explicitly identifies a source outside the frozen Keeper Rulebook + Investigator Handbook Standard boundary.
153,151,勘测员,勘测员,20-60,教育×4,会计，艺术（摄影），图书馆，博物学，导航，生存（任一），侦察，任意一项其他个人或时代特长。,yes,《克苏鲁的呼唤调查员伴侣》职业，使用前请征得KP同意。,confirmed-out-of-scope,,,not-applicable,《克苏鲁的呼唤调查员伴侣》职业,,exclude-from-standard,high,Excel explicitly identifies a source outside the frozen Keeper Rulebook + Investigator Handbook Standard boundary.
154,152,电话接线员,电话接线员,20-50,教育×4,母语，外语，两项社交技能（取悦、话术、恐吓、说服），聆听，心理学，任意两项其他个人或时代特长。,yes,《克苏鲁的呼唤调查员伴侣》职业，使用前请征得KP同意。,confirmed-out-of-scope,,,not-applicable,《克苏鲁的呼唤调查员伴侣》职业,,exclude-from-standard,high,Excel explicitly identifies a source outside the frozen Keeper Rulebook + Investigator Handbook Standard boundary.
155,153,星探,星探,9-30,教育×4,会计，两项社交技能（取悦、话术、恐吓、说服），法律，心理学，侦察，任意两项其他个人或时代特长。,yes,《克苏鲁的呼唤调查员伴侣》职业，使用前请征得KP同意。,confirmed-out-of-scope,,,not-applicable,《克苏鲁的呼唤调查员伴侣》职业,,exclude-from-standard,high,Excel explicitly identifies a source outside the frozen Keeper Rulebook + Investigator Handbook Standard boundary.
156,154,医疗技术员,医疗技术员,30-60,教育×4,艺术（摄影），电气维修，图书馆，机械维修，医学，科学（生物，化学，药学）。,yes,《克苏鲁的呼唤调查员伴侣》职业，使用前请征得KP同意。,confirmed-out-of-scope,,,not-applicable,《克苏鲁的呼唤调查员伴侣》职业,,exclude-from-standard,high,Excel explicitly identifies a source outside the frozen Keeper Rulebook + Investigator Handbook Standard boundary.
157,155,队医,队医,9-30,教育×4,两项社交技能（取悦、话术、恐吓、说服），急救，医学，科学（药学），心理学，侦察，任意一项其他个人或时代特长。,yes,《克苏鲁的呼唤调查员伴侣》职业，使用前请征得KP同意。,confirmed-out-of-scope,,,not-applicable,《克苏鲁的呼唤调查员伴侣》职业,,exclude-from-standard,high,Excel explicitly identifies a source outside the frozen Keeper Rulebook + Investigator Handbook Standard boundary.
158,156,寻宝猎人,寻宝猎人,9-30,教育×2＋力量或敏捷×2,估价，攀爬，汽车驾驶或驾驶（飞行器或船），电气维修或机械维修，历史，跳跃，一项社交技能（取悦、话术、恐吓、说服），侦察。,yes,《克苏鲁的呼唤调查员伴侣》职业，使用前请征得KP同意。,confirmed-out-of-scope,,,not-applicable,《克苏鲁的呼唤调查员伴侣》职业,,exclude-from-standard,high,Excel explicitly identifies a source outside the frozen Keeper Rulebook + Investigator Handbook Standard boundary.
159,157,西部治安官,西部治安官,20-50,教育×2＋力量或敏捷×2,汽车驾驶，射击（任一），格斗（斗殴，鞭），法律，说服或心理学，骑术，追踪。,yes,《日本秘史》职业，使用前请征得KP同意。,confirmed-out-of-scope,,,not-applicable,《日本秘史》职业,,exclude-from-standard,high,Excel explicitly identifies a source outside the frozen Keeper Rulebook + Investigator Handbook Standard boundary.
160,158,暴走族,暴走族,5-10,教育×2＋力量或敏捷×2,格斗（斗殴），汽车驾驶，机械维修，话术，恐吓，任意三项其他个人或时代特长。,yes,《日本秘史》职业，使用前请征得KP同意。,confirmed-out-of-scope,,,not-applicable,《日本秘史》职业,,exclude-from-standard,high,Excel explicitly identifies a source outside the frozen Keeper Rulebook + Investigator Handbook Standard boundary.
161,159,"神职人员(和尚,尼姑)","神职人员(和尚,尼姑)",5-60,教育×4,艺术（书法），历史或图书馆，外语（汉语或梵语），学识（佛教），一项社交技能（取悦、话术、恐吓、说服），心理学，聆听，任意一项其他个人或时代特长。,yes,《日本秘史》职业，使用前请征得KP同意。,confirmed-out-of-scope,,,not-applicable,《日本秘史》职业,,exclude-from-standard,high,Excel explicitly identifies a source outside the frozen Keeper Rulebook + Investigator Handbook Standard boundary.
162,160,"神职人员(神官,巫女)","神职人员(神官,巫女)",20-60,教育×4,艺术（书法，另任一），图书馆，神秘学，学识（神道教），一项社交技能（取悦、话术、恐吓、说服），心理学，任意一项其他个人或时代特长。,yes,《日本秘史》职业，使用前请征得KP同意。,confirmed-out-of-scope,,,not-applicable,《日本秘史》职业,,exclude-from-standard,high,Excel explicitly identifies a source outside the frozen Keeper Rulebook + Investigator Handbook Standard boundary.
163,161,风水师,风水师,20-50,教育×4,艺术（任一），图书馆，神秘学，学识（道教），一项社交技能（取悦、话术、恐吓、说服），科学（天文，地质），任意一项其他个人或时代特长。,no,《日本秘史》职业，使用前请征得KP同意。,confirmed-out-of-scope,,,not-applicable,《日本秘史》职业,,exclude-from-standard,high,Excel explicitly identifies a source outside the frozen Keeper Rulebook + Investigator Handbook Standard boundary.
164,162,家传降妖人,家传降妖人,9-20,教育×2＋力量或敏捷×2,格斗（斗殴），博物学，神秘学，学识（佛教或神道教），心理学，潜行，任意两项其他个人或时代特长。,no,《日本秘史》职业，使用前请征得KP同意。,confirmed-out-of-scope,,,not-applicable,《日本秘史》职业,,exclude-from-standard,high,Excel explicitly identifies a source outside the frozen Keeper Rulebook + Investigator Handbook Standard boundary.
165,163,高中生(教育60以下),高中生(教育60以下),5-10,教育×4,攀爬、潜行、跳跃、图书馆、格斗（任一）、母语、科学（任一）或历史、外语（英语或其他）。,yes,《日本秘史》职业，使用前请征得KP同意。,confirmed-out-of-scope,,,not-applicable,《日本秘史》职业,,exclude-from-standard,high,Excel explicitly identifies a source outside the frozen Keeper Rulebook + Investigator Handbook Standard boundary.
166,164,市子（盲人）,市子(盲人),5-30,教育×4,艺术（表演），聆听，学识（神道教），神秘学，历史，话术或说服，心理学，任意一项特长。※经KP同意，可以用「灵媒」技能代替一项自选技能。,no,《日本秘史》职业，使用前请征得KP同意。,confirmed-out-of-scope,,,not-applicable,《日本秘史》职业,,exclude-from-standard,high,Excel explicitly identifies a source outside the frozen Keeper Rulebook + Investigator Handbook Standard boundary.
167,165,言灵师/阴阳师,言灵师/阴阳师,9-20,教育×4,艺术（书法，另任一），历史或图书馆，母语，学识（阴阳道），科学（天文），神秘学，任意一项其他个人或时代特长。,no,《日本秘史》职业，使用前请征得KP同意。,confirmed-out-of-scope,,,not-applicable,《日本秘史》职业,,exclude-from-standard,high,Excel explicitly identifies a source outside the frozen Keeper Rulebook + Investigator Handbook Standard boundary.
168,166,炼丹师,炼丹师,30-50,教育×4,图书馆，医学，神秘学，科学（化学），博物学，学识（道教），外语（汉语），急救或精神分析。,no,《日本秘史》职业，使用前请征得KP同意。,confirmed-out-of-scope,,,not-applicable,《日本秘史》职业,,exclude-from-standard,high,Excel explicitly identifies a source outside the frozen Keeper Rulebook + Investigator Handbook Standard boundary.
169,167,外语教师,外语教师,30-60,教育×4,历史，聆听，母语，心理学，两项社交技能（取悦、话术、恐吓、说服），任意两项其他个人或时代特长。,yes,《日本秘史》职业，使用前请征得KP同意。,confirmed-out-of-scope,,,not-applicable,《日本秘史》职业,,exclude-from-standard,high,Excel explicitly identifies a source outside the frozen Keeper Rulebook + Investigator Handbook Standard boundary.
170,168,非法移民,非法移民,0-5,教育×2＋力量或敏捷×2,乔装，话术，聆听，侦察，潜行，妙手，心理学，任意一项其他个人或时代特长。,yes,《日本秘史》职业，使用前请征得KP同意。,confirmed-out-of-scope,,,not-applicable,《日本秘史》职业,,exclude-from-standard,high,Excel explicitly identifies a source outside the frozen Keeper Rulebook + Investigator Handbook Standard boundary.
171,169,"相扑力士(SIZ>80,STR>70)","相扑力士(SIZ>80,STR>70)",9-60,教育×2＋力量×2,闪避，格斗（斗殴），恐吓，跳跃，心理学，侦察，任意两项其他个人或时代特长。(你的体型可以超过99),no,《日本秘史》职业，使用前请征得KP同意。,confirmed-out-of-scope,,,not-applicable,《日本秘史》职业,,exclude-from-standard,high,Excel explicitly identifies a source outside the frozen Keeper Rulebook + Investigator Handbook Standard boundary.
172,170,渔民,渔民,9-30,教育×2＋力量或敏捷×2,机械维修，操作重型机械，游泳，驾驶（船），科学（天文），导航，博物学，侦察。,yes,日系特定规则《克苏鲁2010》职业，使用前请征得KP同意。,confirmed-out-of-scope,,,not-applicable,《克苏鲁2010》职业,,exclude-from-standard,high,Excel explicitly identifies a source outside the frozen Keeper Rulebook + Investigator Handbook Standard boundary.
173,171,心理治疗师,心理治疗师,30-50,教育×4,艺术（任一），两项社交技能（取悦、话术、恐吓、说服），法律，外语，心理学，精神分析，任意一项其他个人或时代特长。,yes,日系特定规则《克苏鲁2010》职业，使用前请征得KP同意。,confirmed-out-of-scope,,,not-applicable,《克苏鲁2010》职业,,exclude-from-standard,high,Excel explicitly identifies a source outside the frozen Keeper Rulebook + Investigator Handbook Standard boundary.
174,172,女学生,女学生,5-10,教育×4,一项社交技能（取悦、话术、恐吓、说服），自行车驾驶，急救，聆听，艺术/ 工艺（任一），图书馆，格斗（矛）或射击（弓术），外语（任一）。,no,日系特定规则《克苏鲁与帝国》职业，使用前请征得KP同意。,confirmed-out-of-scope,,,not-applicable,《克苏鲁与帝国》职业,,exclude-from-standard,high,Excel explicitly identifies a source outside the frozen Keeper Rulebook + Investigator Handbook Standard boundary.
175,173,寄居学生,寄居学生,5-10,教育×4,急救，会计，手艺（木匠），说服，图书馆，外语（任一），任意两项其他个人或时代特长。,yes,日系特定规则《克苏鲁与帝国》职业，使用前请征得KP同意。,confirmed-out-of-scope,,,not-applicable,《克苏鲁与帝国》职业,,exclude-from-standard,high,Excel explicitly identifies a source outside the frozen Keeper Rulebook + Investigator Handbook Standard boundary.
176,174,动物辅助治疗师,动物辅助治疗师,30-50,教育×2＋外貌或意志×2,"聆听，心理学，精神分析，科学（动物学），跳跃，追踪，博物学，任意一项其他个人或时代特长。
跳跃，追踪，博物学，任意一项其他个人或时代特长。",no,日系特定规则《克苏鲁2015》职业，使用前请征得KP同意。,confirmed-out-of-scope,,,not-applicable,《克苏鲁2015》职业,,exclude-from-standard,high,Excel explicitly identifies a source outside the frozen Keeper Rulebook + Investigator Handbook Standard boundary.
177,175,急诊医生/救援队员,急诊医生/救援队员,10-50,教育×4,医学，急救，科学（化学），锁匠，机械维修，电气维修，攀爬，跳跃。,no,日系特定规则《克苏鲁2015》职业，使用前请征得KP同意。,confirmed-out-of-scope,,,not-applicable,《克苏鲁2015》职业,,exclude-from-standard,high,Excel explicitly identifies a source outside the frozen Keeper Rulebook + Investigator Handbook Standard boundary.
178,176,密医,密医,10-70,教育×4,医学，急救，会计，一项社交技能（取悦、话术、恐吓、说服），法律，科学（药学），外语，任意一项其他个人或时代特长。,no,日系特定规则《克苏鲁2015》职业，使用前请征得KP同意。,confirmed-out-of-scope,,,not-applicable,《克苏鲁2015》职业,,exclude-from-standard,high,Excel explicitly identifies a source outside the frozen Keeper Rulebook + Investigator Handbook Standard boundary.
179,177,科学搜查研究员,科学搜查研究员,30-50,教育×4,艺术（摄影），医学，法律，科学（化学，司法科学，药学），侦察，任意一项其他个人或时代特长。,yes,日系特定规则《克苏鲁2015》职业，使用前请征得KP同意。,confirmed-out-of-scope,,,not-applicable,《克苏鲁2015》职业,,exclude-from-standard,high,Excel explicitly identifies a source outside the frozen Keeper Rulebook + Investigator Handbook Standard boundary.
180,178,山岳救援队员,山岳救援队员,10-50,教育×2＋力量或敏捷×2,急救，聆听，跳跃，追踪，攀爬，导航，生存（山地），外语。,no,日系特定规则《克苏鲁2015》职业，使用前请征得KP同意。,confirmed-out-of-scope,,,not-applicable,《克苏鲁2015》职业,,exclude-from-standard,high,Excel explicitly identifies a source outside the frozen Keeper Rulebook + Investigator Handbook Standard boundary.
181,179,舞者,舞者,9-70,教育×2＋外貌×2,技艺（表演类，如表演、演唱、喜剧等），乔装，两项社交技能（取悦、话术、恐吓、说服），聆听，心理学，任意两项其他个人或时代特长。,no,日系特定规则《克苏鲁2015》职业，使用前请征得KP同意。,confirmed-out-of-scope,,,not-applicable,《克苏鲁2015》职业,,exclude-from-standard,high,Excel explicitly identifies a source outside the frozen Keeper Rulebook + Investigator Handbook Standard boundary.
182,180,服装设计师,服装设计师,20-60,教育×4,"会计，技艺（摄影），技艺（任一），计算机或图书馆，乔装，心理学，侦察，任意一项其他个人特长。※可以通过成功的「侦察」检定，从对方的服饰判定其地位和收入等。
",no,日系特定规则《克苏鲁2015》职业，使用前请征得KP同意。,confirmed-out-of-scope,,,not-applicable,《克苏鲁2015》职业,,exclude-from-standard,high,Excel explicitly identifies a source outside the frozen Keeper Rulebook + Investigator Handbook Standard boundary.
183,181,海上自卫队员,海上自卫队员,9-30,教育×4,电气维修或机械维修，格斗，射击，急救，导航，驾驶（船），生存（海上），游泳。,no,日系特定规则《克苏鲁2015》职业，使用前请征得KP同意。,confirmed-out-of-scope,,,not-applicable,《克苏鲁2015》职业,,exclude-from-standard,high,Excel explicitly identifies a source outside the frozen Keeper Rulebook + Investigator Handbook Standard boundary.
184,182,海警,海警,20-40,教育×4,急救，机械维修，博物学，导航，一项社交技能（取悦、话术、恐吓、说服），驾驶（船），侦察，游泳。,no,日系特定规则《克苏鲁2015》职业，使用前请征得KP同意。,confirmed-out-of-scope,,,not-applicable,《克苏鲁2015》职业,,exclude-from-standard,high,Excel explicitly identifies a source outside the frozen Keeper Rulebook + Investigator Handbook Standard boundary.
185,183,陆上自卫队员,陆上自卫队员,9-30,教育×2＋力量或敏捷×2,攀爬或游泳，闪避，格斗，射击，潜行，生存，下面任选两项：急救、机械维修、外语。,no,日系特定规则《克苏鲁2015》职业，使用前请征得KP同意。,confirmed-out-of-scope,,,not-applicable,《克苏鲁2015》职业,,exclude-from-standard,high,Excel explicitly identifies a source outside the frozen Keeper Rulebook + Investigator Handbook Standard boundary.
186,184,私人军事公司成员,私人军事公司成员,9-30,教育×2＋力量或敏捷×2,攀爬或游泳，闪避，格斗，射击，潜行，生存，下面任选两项：急救、机械维修、外语。,no,日系特定规则《克苏鲁2015》职业，使用前请征得KP同意。,confirmed-out-of-scope,,,not-applicable,《克苏鲁2015》职业,,exclude-from-standard,high,Excel explicitly identifies a source outside the frozen Keeper Rulebook + Investigator Handbook Standard boundary.
187,185,冒险家教授,冒险家教授,55-80,教育×2＋外貌或敏捷或力量×2,攀爬或游泳，射击，历史，跳跃，博物学，导航，外语，生存。,no,日系特定规则《克苏鲁2015》职业，使用前请征得KP同意。,confirmed-out-of-scope,,,not-applicable,《克苏鲁2015》职业,,exclude-from-standard,high,Excel explicitly identifies a source outside the frozen Keeper Rulebook + Investigator Handbook Standard boundary.
188,186,评论家,评论家,30-70,教育×4,乔装，一项社交技能（取悦、话术、恐吓、说服），历史或图书馆，母语，外语，心理学，潜行。,no,日系特定规则《克苏鲁2015》职业，使用前请征得KP同意。,confirmed-out-of-scope,,,not-applicable,《克苏鲁2015》职业,,exclude-from-standard,high,Excel explicitly identifies a source outside the frozen Keeper Rulebook + Investigator Handbook Standard boundary.
189,187,偶像,偶像,9-70,教育×2＋外貌×2,"技艺（表演,歌唱,舞蹈），乔装，两项社交技能（取悦、话术、恐吓、说服），聆听，心理学，任意两项其他个人或时代特长。",no,日系特定规则《克苏鲁2015》职业，使用前请征得KP同意。,confirmed-out-of-scope,,,not-applicable,《克苏鲁2015》职业,,exclude-from-standard,high,Excel explicitly identifies a source outside the frozen Keeper Rulebook + Investigator Handbook Standard boundary.
190,188,歌手,歌手,9-70,教育×2＋外貌×2,"技艺（歌唱,舞蹈,乐器），乔装，两项社交技能（取悦、话术、恐吓、说服），聆听，心理学，任意两项其他个人或时代特长。",no,日系特定规则《克苏鲁2015》职业，使用前请征得KP同意。,confirmed-out-of-scope,,,not-applicable,《克苏鲁2015》职业,,exclude-from-standard,high,Excel explicitly identifies a source outside the frozen Keeper Rulebook + Investigator Handbook Standard boundary.
191,189,搞笑艺人,搞笑艺人,9-70,教育×2＋外貌×2,"技艺（表演,杂技,喜剧），乔装，两项社交技能（取悦、话术、恐吓、说服），聆听，心理学，任意两项其他个人或时代特长。",no,日系特定规则《克苏鲁2015》职业，使用前请征得KP同意。,confirmed-out-of-scope,,,not-applicable,《克苏鲁2015》职业,,exclude-from-standard,high,Excel explicitly identifies a source outside the frozen Keeper Rulebook + Investigator Handbook Standard boundary.
192,190,运动员艺人,运动员艺人,9-20,教育×2＋敏捷×2,攀爬，闪避，跳跃，投掷，侦察，游泳，任意两项其他个人或时代特长。,no,日系特定规则《克苏鲁2015》职业，使用前请征得KP同意。,confirmed-out-of-scope,,,not-applicable,《克苏鲁2015》职业,,exclude-from-standard,high,Excel explicitly identifies a source outside the frozen Keeper Rulebook + Investigator Handbook Standard boundary.
193,191,播音员,播音员,50-80,教育×4,艺术（表演），母语，取悦，话术，说服，心理学，任意两项其他个人或时代特长。,no,日系特定规则《克苏鲁2015》职业，使用前请征得KP同意。,confirmed-out-of-scope,,,not-applicable,《克苏鲁2015》职业,,exclude-from-standard,high,Excel explicitly identifies a source outside the frozen Keeper Rulebook + Investigator Handbook Standard boundary.
194,192,主持人,主持人,50-80,教育×4,艺术（表演），母语，取悦，话术，说服，心理学，任意两项其他个人或时代特长。,no,日系特定规则《克苏鲁2015》职业，使用前请征得KP同意。,confirmed-out-of-scope,,,not-applicable,《克苏鲁2015》职业,,exclude-from-standard,high,Excel explicitly identifies a source outside the frozen Keeper Rulebook + Investigator Handbook Standard boundary.
195,193,电视解说员,电视解说员,50-80,教育×4,艺术（表演），母语，取悦，话术，说服，心理学，任意两项其他个人或时代特长。,no,日系特定规则《克苏鲁2015》职业，使用前请征得KP同意。,confirmed-out-of-scope,,,not-applicable,《克苏鲁2015》职业,,exclude-from-standard,high,Excel explicitly identifies a source outside the frozen Keeper Rulebook + Investigator Handbook Standard boundary.
196,194,网络明星,网络明星,9-70,教育×2＋外貌×2,技艺（表演，歌唱，喜剧），乔装，两项社交技能（取悦、话术、恐吓、说服），聆听，心理学，计算机，电气维修。,no,日系特定规则《克苏鲁2015》职业，使用前请征得KP同意。,confirmed-out-of-scope,,,not-applicable,《克苏鲁2015》职业,,exclude-from-standard,high,Excel explicitly identifies a source outside the frozen Keeper Rulebook + Investigator Handbook Standard boundary.
197,195,经纪人,经纪人,30-70,教育×4,汽车驾驶、两项社交技能（取悦、话术、恐吓、说服），潜行，聆听，法律，任意两项其他个人或时代特长。,no,日系特定规则《克苏鲁2015》职业，使用前请征得KP同意。,confirmed-out-of-scope,,,not-applicable,《克苏鲁2015》职业,,exclude-from-standard,high,Excel explicitly identifies a source outside the frozen Keeper Rulebook + Investigator Handbook Standard boundary.
198,196,捉鬼人,捉鬼人,9-30,教育×2＋敏捷×2,神秘学，科学（物理，化学，生物），机械维修，艺术（摄影），电气维修，一项社交技能（取悦、话术、恐吓、说服）。,no,日系特定规则《克苏鲁2015》职业，使用前请征得KP同意。,confirmed-out-of-scope,,,not-applicable,《克苏鲁2015》职业,,exclude-from-standard,high,Excel explicitly identifies a source outside the frozen Keeper Rulebook + Investigator Handbook Standard boundary.
199,197,占卜师、灵媒师,占卜师、灵媒师,9-30,教育×2＋教育或外貌×2,艺术（表演），历史，图书馆，两项社交技能（取悦、话术、恐吓、说服），神秘学，心理学，任意一项其他个人或时代特长。,no,日系特定规则《克苏鲁2015》职业，使用前请征得KP同意。,confirmed-out-of-scope,,,not-applicable,《克苏鲁2015》职业,,exclude-from-standard,high,Excel explicitly identifies a source outside the frozen Keeper Rulebook + Investigator Handbook Standard boundary.
200,198,机械师,机械师,9-40,教育×4,技艺（木工、焊接、管道工等），攀爬，汽车驾驶，电气维修，机械维修，操作重型机械，任意两项其他个人或时代或技术特长。,no,日系特定规则《克苏鲁2015》职业，使用前请征得KP同意。,confirmed-out-of-scope,,,not-applicable,《克苏鲁2015》职业,,exclude-from-standard,high,Excel explicitly identifies a source outside the frozen Keeper Rulebook + Investigator Handbook Standard boundary.
201,199,厨师,厨师,9-30,教育×2＋敏捷×2,手艺（烹饪），科学（生物，化学），格斗（斗殴），博物学，侦察，外语，任意一项其他个人或时代特长。,no,日系特定规则《克苏鲁2015》职业，使用前请征得KP同意。,confirmed-out-of-scope,,,not-applicable,《克苏鲁2015》职业,,exclude-from-standard,high,Excel explicitly identifies a source outside the frozen Keeper Rulebook + Investigator Handbook Standard boundary.
202,200,网络犯罪者,网络犯罪者,10-70,教育×4,计算机，电气维修，电子学，图书馆，侦察，一项社交技能（取悦、话术、恐吓、说服），任意两项其他技能。,no,日系特定规则《克苏鲁2015》职业，使用前请征得KP同意。,confirmed-out-of-scope,,,not-applicable,《克苏鲁2015》职业,,exclude-from-standard,high,Excel explicitly identifies a source outside the frozen Keeper Rulebook + Investigator Handbook Standard boundary.
203,201,佣兵,佣兵,9-30,教育×2＋力量或敏捷×2,攀爬或游泳，闪避，格斗，射击，潜行，生存，下面任选两项：急救、机械维修、外语。,no,日系特定规则《克苏鲁2015》职业，使用前请征得KP同意。,confirmed-out-of-scope,,,not-applicable,《克苏鲁2015》职业,,exclude-from-standard,high,Excel explicitly identifies a source outside the frozen Keeper Rulebook + Investigator Handbook Standard boundary.
204,202,自宅警备员,自宅警备员,1-10,教育×4,"计算机，聆听，潜行，图书馆，母语，任意三项符合尼特族形象的特长。
",no,日系特定规则《克苏鲁2015》职业，使用前请征得KP同意。,confirmed-out-of-scope,,,not-applicable,《克苏鲁2015》职业,,exclude-from-standard,high,Excel explicitly identifies a source outside the frozen Keeper Rulebook + Investigator Handbook Standard boundary.
205,203,壮汉保镖,壮汉保镖,9-30,教育×2＋力量或敏捷×2,格斗（斗殴），射击，急救，一项社交技能（取悦、话术、恐吓、说服），法律，心理学，侦察和下面的一种个人特长：汽车驾驶或骑术。,no,日系特定规则《克苏鲁2015》职业，使用前请征得KP同意。,confirmed-out-of-scope,,,not-applicable,《克苏鲁2015》职业,,exclude-from-standard,high,Excel explicitly identifies a source outside the frozen Keeper Rulebook + Investigator Handbook Standard boundary.
206,204,游戏测试员,游戏测试员,9-20,教育×4,手艺（游戏），计算机，电气维修，电子学，聆听，一项社交技能（取悦、话术、恐吓、说服），任意两项其他个人或时代特长。,no,日系特定规则《克苏鲁2015》职业，使用前请征得KP同意。,confirmed-out-of-scope,,,not-applicable,《克苏鲁2015》职业,,exclude-from-standard,high,Excel explicitly identifies a source outside the frozen Keeper Rulebook + Investigator Handbook Standard boundary.
207,205,交际花,交际花,9-30,教育×2＋外貌×2,艺术（任意），估价，潜行，一项社交技能（取悦、话术、恐吓、说服），急救，其他语言（欧洲），心理学，骑术，（乔装、钳工）中的一种，任意一项其他个人或时代特长,no,《克苏鲁煤气灯》1980s职业，使用前请征得KP同意。,confirmed-out-of-scope,,,not-applicable,《克苏鲁煤气灯》1980s职业,,exclude-from-standard,high,Excel explicitly identifies a source outside the frozen Keeper Rulebook + Investigator Handbook Standard boundary.
208,206,考古学家,考古学家,30-60,教育×4,会计，艺术（任意），估价，历史，图书馆，其他语言（欧洲），一项社交技能（取悦、话术、恐吓、说服），心理学，侦查，任意两项其他个人或时代特长,no,《克苏鲁煤气灯》1980s职业，使用前请征得KP同意。,confirmed-out-of-scope,,,not-applicable,《克苏鲁煤气灯》1980s职业,,exclude-from-standard,high,Excel explicitly identifies a source outside the frozen Keeper Rulebook + Investigator Handbook Standard boundary.
209,207,贵族,贵族,70-99,教育×2＋教育或外貌×2,拉丁语，法律，其他语言（欧洲），一项社交技能（取悦、话术、恐吓、说服），骑术，射击（霰弹枪），任意三项其他个人或时代特长,no,《克苏鲁煤气灯》1980s职业，使用前请征得KP同意。,confirmed-out-of-scope,,,not-applicable,《克苏鲁煤气灯》1980s职业,,exclude-from-standard,high,Excel explicitly identifies a source outside the frozen Keeper Rulebook + Investigator Handbook Standard boundary.
210,208,艺术家,艺术家,10-40,教育×2＋敏捷或意志×2,艺术及手艺（任意多种），估价，历史，图书馆，其他语言（欧洲），侦查，任意两项其他个人或时代特长,no,《克苏鲁煤气灯》1980s职业，使用前请征得KP同意。,confirmed-out-of-scope,,,not-applicable,《克苏鲁煤气灯》1980s职业,same-name:艺术家,exclude-from-standard,high,Excel explicitly identifies a source outside the frozen Keeper Rulebook + Investigator Handbook Standard boundary.
211,209,作家,作家,10-40,教育×4,艺术（写作），历史，图书馆，其他语言（欧洲），母语，一项社交技能（取悦、话术、恐吓、说服），心理学，任意两项其他个人或时代特长,no,《克苏鲁煤气灯》1980s职业，使用前请征得KP同意。,confirmed-out-of-scope,,,not-applicable,《克苏鲁煤气灯》1980s职业,,exclude-from-standard,high,Excel explicitly identifies a source outside the frozen Keeper Rulebook + Investigator Handbook Standard boundary.
212,210,马车夫,马车夫,3-10,教育×2＋敏捷×2,闪避，马车驾驶，跳跃，聆听，机械维修，博物学，导航，一项社交技能（取悦、话术、恐吓、说服），侦查，格斗（鞭），任意一项其他个人或时代特长,no,《克苏鲁煤气灯》1980s职业，使用前请征得KP同意。,confirmed-out-of-scope,,,not-applicable,《克苏鲁煤气灯》1980s职业,,exclude-from-standard,high,Excel explicitly identifies a source outside the frozen Keeper Rulebook + Investigator Handbook Standard boundary.
213,211,牧师,牧师,20-65,教育×2＋外貌或意志×2,历史，拉丁语，图书馆，一项社交技能（取悦、话术、恐吓、说服），心理学，任意两项其他个人或时代特长,no,《克苏鲁煤气灯》1980s职业，使用前请征得KP同意。,confirmed-out-of-scope,,,not-applicable,《克苏鲁煤气灯》1980s职业,,exclude-from-standard,high,Excel explicitly identifies a source outside the frozen Keeper Rulebook + Investigator Handbook Standard boundary.
214,212,咨询侦探,咨询侦探,10-60,教育×4,人类学，估价，科学（化学），急救，历史，法律，图书馆，聆听，心理学，其他语言（任意），侦查，追踪，任意两项其他个人或时代特长,no,《克苏鲁煤气灯》1980s职业，使用前请征得KP同意。,confirmed-out-of-scope,,,not-applicable,《克苏鲁煤气灯》1980s职业,,exclude-from-standard,high,Excel explicitly identifies a source outside the frozen Keeper Rulebook + Investigator Handbook Standard boundary.
215,213,工匠,工匠,9-35,教育×2＋力量或敏捷×2,会计，估价，手艺（任意多种），机械维修，一项社交技能（取悦、话术、恐吓、说服），侦查，任意一项其他个人或时代特长,no,《克苏鲁煤气灯》1980s职业，使用前请征得KP同意。,confirmed-out-of-scope,,,not-applicable,《克苏鲁煤气灯》1980s职业,same-name:工匠,exclude-from-standard,high,Excel explicitly identifies a source outside the frozen Keeper Rulebook + Investigator Handbook Standard boundary.
216,214,罪犯,罪犯,9-30,教育×2＋外貌或敏捷或力量×2,估价，乔装，一项社交技能（取悦、话术、恐吓、说服），潜行，锁匠，格斗（任意两项），任意一项其他个人或时代特长,no,《克苏鲁煤气灯》1980s职业，使用前请征得KP同意。,confirmed-out-of-scope,,,not-applicable,《克苏鲁煤气灯》1980s职业,,exclude-from-standard,high,Excel explicitly identifies a source outside the frozen Keeper Rulebook + Investigator Handbook Standard boundary.
217,215,业余艺术爱好者,业余艺术爱好者,10-70,教育×2＋外貌×2,任意六项个人或时代特长,no,《克苏鲁煤气灯》1980s职业，使用前请征得KP同意。,confirmed-out-of-scope,,,not-applicable,《克苏鲁煤气灯》1980s职业,,exclude-from-standard,high,Excel explicitly identifies a source outside the frozen Keeper Rulebook + Investigator Handbook Standard boundary.
218,216,艺人,艺人,10-40,教育×2＋外貌或意志×2,艺术（任意多种），乔装，闪避，两项社交技能（取悦、话术、恐吓、说服），聆听，母语，心理学，任意三项其他个人或时代特长,no,《克苏鲁煤气灯》1980s职业，使用前请征得KP同意。,confirmed-out-of-scope,,,not-applicable,《克苏鲁煤气灯》1980s职业,same-name:艺人,exclude-from-standard,high,Excel explicitly identifies a source outside the frozen Keeper Rulebook + Investigator Handbook Standard boundary.
219,217,退役军官,退役军官,40-75,教育×4,"潜行，急救，射击（手枪、来复枪）,导航，其他语言（任意）,一项社交技能（取悦、话术、恐吓、说服）,心理学，骑术,格斗（剑），侦查，（攀爬、游泳）中的一种",no,《克苏鲁煤气灯》1980s职业，使用前请征得KP同意。,confirmed-out-of-scope,,,not-applicable,《克苏鲁煤气灯》1980s职业,,exclude-from-standard,high,Excel explicitly identifies a source outside the frozen Keeper Rulebook + Investigator Handbook Standard boundary.
220,218,探险家,探险家,45-70,教育×2＋外貌或敏捷或力量×2,人类学，考古学，估价，科学（生物学），攀爬，急救，射击（手枪、来复枪），格斗（斗殴），博物学，导航，其他语言（任意），驾驶（小艇，船，热气球），骑术，潜行，侦查，游泳，追踪,no,《克苏鲁煤气灯》1980s职业，使用前请征得KP同意。,confirmed-out-of-scope,,,not-applicable,《克苏鲁煤气灯》1980s职业,,exclude-from-standard,high,Excel explicitly identifies a source outside the frozen Keeper Rulebook + Investigator Handbook Standard boundary.
221,219,私家侦探,私家侦探,9-40,教育×2＋外貌或敏捷×2,会计，两项社交技能（取悦、话术、恐吓、说服），法律，图书馆，聆听，锁匠，艺术及手艺（摄影），侦查，任意一项其他个人或时代特长,no,《克苏鲁煤气灯》1980s职业，使用前请征得KP同意。,confirmed-out-of-scope,,,not-applicable,《克苏鲁煤气灯》1980s职业,same-name:私家侦探,exclude-from-standard,high,Excel explicitly identifies a source outside the frozen Keeper Rulebook + Investigator Handbook Standard boundary.
222,220,记者,记者,9-30,教育×2＋外貌或敏捷×2,估价，闪避，两项社交技能（取悦、话术、恐吓、说服），图书馆，聆听，其他语言（欧洲），母语，艺术及手艺（摄影），心理学，侦查。,no,《克苏鲁煤气灯》1980s职业，使用前请征得KP同意。,confirmed-out-of-scope,,,not-applicable,《克苏鲁煤气灯》1980s职业,,exclude-from-standard,high,Excel explicitly identifies a source outside the frozen Keeper Rulebook + Investigator Handbook Standard boundary.
223,221,劳工,劳工,0-10,教育×2＋力量×2,估价，一项社交技能（取悦、话术、恐吓、说服），闪避，急救，机械维修，重型机械操作，任意一项其他个人或时代特长，以及从以下任选两种：（攀爬，斗殴，手艺（任意），马车驾驶，驾驶：船）,no,《克苏鲁煤气灯》1980s职业，使用前请征得KP同意。,confirmed-out-of-scope,,,not-applicable,《克苏鲁煤气灯》1980s职业,,exclude-from-standard,high,Excel explicitly identifies a source outside the frozen Keeper Rulebook + Investigator Handbook Standard boundary.
224,222,律师,律师,20-80,教育×4,会计，估价，两项社交技能（取悦、话术、恐吓、说服），历史，拉丁语，法律，图书馆，聆听，心理学，任意两项其他个人或时代特长,no,《克苏鲁煤气灯》1980s职业，使用前请征得KP同意。,confirmed-out-of-scope,,,not-applicable,《克苏鲁煤气灯》1980s职业,same-name:律师,exclude-from-standard,high,Excel explicitly identifies a source outside the frozen Keeper Rulebook + Investigator Handbook Standard boundary.
225,223,医生,医生,30-70,教育×4,科学（生物学、药剂学），急救，拉丁语，图书馆，医学，心理学，任意两项其他个人或时代特长,no,《克苏鲁煤气灯》1980s职业，使用前请征得KP同意。,confirmed-out-of-scope,,,not-applicable,《克苏鲁煤气灯》1980s职业,,exclude-from-standard,high,Excel explicitly identifies a source outside the frozen Keeper Rulebook + Investigator Handbook Standard boundary.
226,224,警察,警察,9-30,教育×2＋力量或敏捷×2,格斗（斗殴），闪避，一项社交技能（取悦、话术、恐吓、说服），急救，射击（手枪），法律，聆听，心理学，潜行，侦查,no,《克苏鲁煤气灯》1980s职业，使用前请征得KP同意。,confirmed-out-of-scope,,,not-applicable,《克苏鲁煤气灯》1980s职业,,exclude-from-standard,high,Excel explicitly identifies a source outside the frozen Keeper Rulebook + Investigator Handbook Standard boundary.
227,225,教授/学者,教授/学者,20-50,教育×4,图书馆，其他语言（欧洲），一项社交技能（取悦、话术、恐吓、说服），心理学，至多六种额外的学识技巧作为个人专长,no,《克苏鲁煤气灯》1980s职业，使用前请征得KP同意。,confirmed-out-of-scope,,,not-applicable,《克苏鲁煤气灯》1980s职业,,exclude-from-standard,high,Excel explicitly identifies a source outside the frozen Keeper Rulebook + Investigator Handbook Standard boundary.
228,226,科学家,科学家,10-60,教育×4,手艺（任意），历史，图书馆，机械维修，一项社交技能（取悦、话术、恐吓、说服），侦查，至多六种其他学识技巧作为个人专长,no,《克苏鲁煤气灯》1980s职业，使用前请征得KP同意。,confirmed-out-of-scope,,,not-applicable,《克苏鲁煤气灯》1980s职业,same-name:科学家,exclude-from-standard,high,Excel explicitly identifies a source outside the frozen Keeper Rulebook + Investigator Handbook Standard boundary.
229,227,佣人,佣人,0-10,教育×2＋外貌或敏捷×2,手艺（任意），闪避，聆听，潜行，任意一项其他个人或时代特长，以及从以下中最多选取三个：（会计，估价，马车驾驶，礼仪，急救，其他语言（欧洲），说服）,no,《克苏鲁煤气灯》1980s职业，使用前请征得KP同意。,confirmed-out-of-scope,,,not-applicable,《克苏鲁煤气灯》1980s职业,,exclude-from-standard,high,Excel explicitly identifies a source outside the frozen Keeper Rulebook + Investigator Handbook Standard boundary.
230,228,店主,店主,9-30,教育×2＋外貌或敏捷×2,会计，估价，手艺（任意），聆听，一项社交技能（取悦、话术、恐吓、说服），心理学，侦查，任意一项其他个人或时代特长,no,《克苏鲁煤气灯》1980s职业，使用前请征得KP同意。,confirmed-out-of-scope,,,not-applicable,《克苏鲁煤气灯》1980s职业,,exclude-from-standard,high,Excel explicitly identifies a source outside the frozen Keeper Rulebook + Investigator Handbook Standard boundary.
231,229,士兵,士兵,9-30,教育×2＋力量或敏捷×2,闪避，急救，潜行，聆听，机械维修，射击（来复枪），潜行，侦查，任意两项其他个人或时代特长,no,《克苏鲁煤气灯》1980s职业，使用前请征得KP同意。,confirmed-out-of-scope,,,not-applicable,《克苏鲁煤气灯》1980s职业,,exclude-from-standard,high,Excel explicitly identifies a source outside the frozen Keeper Rulebook + Investigator Handbook Standard boundary.
232,230,密探,密探,30-70,教育×2＋外貌或敏捷×2,乔装，一项社交技能（取悦、话术、恐吓、说服），潜行，历史，图书馆，聆听，锁匠，导航，其他语言（欧洲），心理学，侦查，格斗（任意）,no,《克苏鲁煤气灯》1980s职业，使用前请征得KP同意。,confirmed-out-of-scope,,,not-applicable,《克苏鲁煤气灯》1980s职业,,exclude-from-standard,high,Excel explicitly identifies a source outside the frozen Keeper Rulebook + Investigator Handbook Standard boundary.
